id	bid	final_value	rn	id:1	c1	c2	c3	c4	c5	bid:1	id:2	hand_value	id:3	c1:1	c2:1	c3:1	c4:1	c5:1	bid:2	card	value	card:1	value:1	card:2	value:2	card:3	value:3	card:4	value:4	sort_value
891	174	174	1	891	2	3	Q	A	K	174	891	5	891	2	3	Q	A	K	174	2	2	3	3	Q	12	A	14	K	13	887
832	604	1208	2	832	2	3	K	5	9	604	832	5	832	2	3	K	5	9	604	2	2	3	3	K	13	5	5	9	9	886
178	500	1500	3	178	2	5	3	A	7	500	178	5	178	2	5	3	A	7	500	2	2	5	5	3	3	A	14	7	7	882
627	580	2320	4	627	2	5	7	4	A	580	627	5	627	2	5	7	4	A	580	2	2	5	5	7	7	4	4	A	14	881
29	989	4945	5	29	2	6	4	3	K	989	29	5	29	2	6	4	3	K	989	2	2	6	6	4	4	3	3	K	13	876
838	865	5190	6	838	2	9	Q	3	8	865	838	5	838	2	9	Q	3	8	865	2	2	9	9	Q	12	3	3	8	8	857
596	447	3129	7	596	2	9	K	3	T	447	596	5	596	2	9	K	3	T	447	2	2	9	9	K	13	3	3	T	10	856
574	69	552	8	574	2	9	K	T	Q	69	574	5	574	2	9	K	T	Q	69	2	2	9	9	K	13	T	10	Q	12	855
271	931	8379	9	271	2	9	A	5	K	931	271	5	271	2	9	A	5	K	931	2	2	9	9	A	14	5	5	K	13	854
775	394	3940	10	775	2	Q	A	6	7	394	775	5	775	2	Q	A	6	7	394	2	2	Q	12	A	14	6	6	7	7	848
867	261	2871	11	867	2	A	3	6	8	261	867	5	867	2	A	3	6	8	261	2	2	A	14	3	3	6	6	8	8	840
822	497	5964	12	822	2	A	3	6	T	497	822	5	822	2	A	3	6	T	497	2	2	A	14	3	3	6	6	T	10	839
419	517	6721	13	419	2	A	T	7	K	517	419	5	419	2	A	T	7	K	517	2	2	A	14	T	10	7	7	K	13	838
163	526	7364	14	163	3	4	7	8	A	526	163	5	163	3	4	7	8	A	526	3	3	4	4	7	7	8	8	A	14	813
858	805	12075	15	858	3	6	A	9	5	805	858	5	858	3	6	A	9	5	805	3	3	6	6	A	14	9	9	5	5	810
853	552	8832	16	853	3	7	2	6	K	552	853	5	853	3	7	2	6	K	552	3	3	7	7	2	2	6	6	K	13	809
462	137	2329	17	462	3	7	K	8	T	137	462	5	462	3	7	K	8	T	137	3	3	7	7	K	13	8	8	T	10	805
327	299	5382	18	327	3	8	T	A	9	299	327	5	327	3	8	T	A	9	299	3	3	8	8	T	10	A	14	9	9	801
24	213	4047	19	24	3	9	6	A	7	213	24	5	24	3	9	6	A	7	213	3	3	9	9	6	6	A	14	7	7	799
812	813	16260	20	812	3	9	8	5	T	813	812	5	812	3	9	8	5	T	813	3	3	9	9	8	8	5	5	T	10	797
728	634	13314	21	728	3	T	5	7	K	634	728	5	728	3	T	5	7	K	634	3	3	T	10	5	5	7	7	K	13	793
338	715	15730	22	338	3	T	8	6	7	715	338	5	338	3	T	8	6	7	715	3	3	T	10	8	8	6	6	7	7	792
492	911	20953	23	492	3	Q	2	9	4	911	492	5	492	3	Q	2	9	4	911	3	3	Q	12	2	2	9	9	4	4	790
933	197	4728	24	933	3	Q	8	6	5	197	933	5	933	3	Q	8	6	5	197	3	3	Q	12	8	8	6	6	5	5	789
637	196	4900	25	637	3	K	5	6	2	196	637	5	637	3	K	5	6	2	196	3	3	K	13	5	5	6	6	2	2	783
914	784	20384	26	914	3	K	9	Q	5	784	914	5	914	3	K	9	Q	5	784	3	3	K	13	9	9	Q	12	5	5	780
609	228	6156	27	609	3	K	T	2	8	228	609	5	609	3	K	T	2	8	228	3	3	K	13	T	10	2	2	8	8	779
339	160	4480	28	339	3	A	T	9	2	160	339	5	339	3	A	T	9	2	160	3	3	A	14	T	10	9	9	2	2	775
906	796	23084	29	906	3	A	Q	5	2	796	906	5	906	3	A	Q	5	2	796	3	3	A	14	Q	12	5	5	2	2	774
604	926	27780	30	604	3	A	K	8	5	926	604	5	604	3	A	K	8	5	926	3	3	A	14	K	13	8	8	5	5	773
168	386	11966	31	168	4	5	T	9	Q	386	168	5	168	4	5	T	9	Q	386	4	4	5	5	T	10	9	9	Q	12	733
585	646	20672	32	585	4	5	A	Q	2	646	585	5	585	4	5	A	Q	2	646	4	4	5	5	A	14	Q	12	2	2	730
305	741	24453	33	305	4	6	7	8	5	741	305	5	305	4	6	7	8	5	741	4	4	6	6	7	7	8	8	5	5	725
218	729	24786	34	218	4	6	7	8	Q	729	218	5	218	4	6	7	8	Q	729	4	4	6	6	7	7	8	8	Q	12	724
274	962	33670	35	274	4	8	3	K	7	962	274	5	274	4	8	3	K	7	962	4	4	8	8	3	3	K	13	7	7	710
354	605	21780	36	354	4	8	5	7	9	605	354	5	354	4	8	5	7	9	605	4	4	8	8	5	5	7	7	9	9	707
787	603	22311	37	787	4	9	5	T	A	603	787	5	787	4	9	5	T	A	603	4	4	9	9	5	5	T	10	A	14	704
33	576	21888	38	33	4	9	7	Q	3	576	33	5	33	4	9	7	Q	3	576	4	4	9	9	7	7	Q	12	3	3	703
63	293	11427	39	63	4	9	K	T	A	293	63	5	63	4	9	K	T	A	293	4	4	9	9	K	13	T	10	A	14	698
384	886	35440	40	384	4	T	2	6	Q	886	384	5	384	4	T	2	6	Q	886	4	4	T	10	2	2	6	6	Q	12	697
769	401	16441	41	769	4	T	6	A	8	401	769	5	769	4	T	6	A	8	401	4	4	T	10	6	6	A	14	8	8	695
56	455	19110	42	56	4	T	9	A	6	455	56	5	56	4	T	9	A	6	455	4	4	T	10	9	9	A	14	6	6	692
727	871	37453	43	727	4	T	A	K	8	871	727	5	727	4	T	A	K	8	871	4	4	T	10	A	14	K	13	8	8	690
143	717	31548	44	143	4	Q	T	3	A	717	143	5	143	4	Q	T	3	A	717	4	4	Q	12	T	10	3	3	A	14	687
14	658	29610	45	14	4	K	9	7	3	658	14	5	14	4	K	9	7	3	658	4	4	K	13	9	9	7	7	3	3	684
717	625	28750	46	717	4	A	6	9	Q	625	717	5	717	4	A	6	9	Q	625	4	4	A	14	6	6	9	9	Q	12	678
102	706	33182	47	102	5	3	4	K	9	706	102	5	102	5	3	4	K	9	706	5	5	3	3	4	4	K	13	9	9	664
397	881	42288	48	397	5	4	3	9	7	881	397	5	397	5	4	3	9	7	881	5	5	4	4	3	3	9	9	7	7	659
564	734	35966	49	564	5	6	3	9	T	734	564	5	564	5	6	3	9	T	734	5	5	6	6	3	3	9	9	T	10	632
554	673	33650	50	554	5	7	4	8	T	673	554	5	554	5	7	4	8	T	673	5	5	7	7	4	4	8	8	T	10	627
375	175	8925	51	375	5	9	A	7	Q	175	375	5	375	5	9	A	7	Q	175	5	5	9	9	A	14	7	7	Q	12	614
600	941	48932	52	600	5	T	K	3	A	941	600	5	600	5	T	K	3	A	941	5	5	T	10	K	13	3	3	A	14	610
905	743	39379	53	905	5	Q	2	3	8	743	905	5	905	5	Q	2	3	8	743	5	5	Q	12	2	2	3	3	8	8	608
692	942	50868	54	692	5	Q	K	2	8	942	692	5	692	5	Q	K	2	8	942	5	5	Q	12	K	13	2	2	8	8	606
422	929	51095	55	422	5	Q	A	6	K	929	422	5	422	5	Q	A	6	K	929	5	5	Q	12	A	14	6	6	K	13	605
147	225	12600	56	147	6	7	5	Q	4	225	147	5	147	6	7	5	Q	4	225	6	6	7	7	5	5	Q	12	4	4	558
671	84	4788	57	671	6	7	A	T	3	84	671	5	671	6	7	A	T	3	84	6	6	7	7	A	14	T	10	3	3	553
929	752	43616	58	929	6	9	2	8	K	752	929	5	929	6	9	2	8	K	752	6	6	9	9	2	2	8	8	K	13	551
780	269	15871	59	780	6	9	T	K	5	269	780	5	780	6	9	T	K	5	269	6	6	9	9	T	10	K	13	5	5	550
610	334	20040	60	610	6	9	A	2	8	334	610	5	610	6	9	A	2	8	334	6	6	9	9	A	14	2	2	8	8	549
92	54	3294	61	92	6	T	8	9	7	54	92	5	92	6	T	8	9	7	54	6	6	T	10	8	8	9	9	7	7	544
632	328	20336	62	632	6	Q	3	7	8	328	632	5	632	6	Q	3	7	8	328	6	6	Q	12	3	3	7	7	8	8	540
765	327	20601	63	765	6	Q	7	9	2	327	765	5	765	6	Q	7	9	2	327	6	6	Q	12	7	7	9	9	2	2	537
499	598	38272	64	499	7	2	T	6	K	598	499	5	499	7	2	T	6	K	598	7	7	2	2	T	10	6	6	K	13	519
821	820	53300	65	821	7	5	2	6	K	820	821	5	821	7	5	2	6	K	820	7	7	5	5	2	2	6	6	K	13	509
606	606	39996	66	606	7	8	3	Q	4	606	606	5	606	7	8	3	Q	4	606	7	7	8	8	3	3	Q	12	4	4	486
540	488	32696	67	540	7	8	5	9	2	488	540	5	540	7	8	5	9	2	488	7	7	8	8	5	5	9	9	2	2	485
538	1	68	68	538	7	8	5	K	2	1	538	5	538	7	8	5	K	2	1	7	7	8	8	5	5	K	13	2	2	484
224	678	46782	69	224	7	9	K	2	4	678	224	5	224	7	9	K	2	4	678	7	7	9	9	K	13	2	2	4	4	478
896	351	24570	70	896	7	T	K	4	2	351	896	5	896	7	T	K	4	2	351	7	7	T	10	K	13	4	4	2	2	475
72	998	70858	71	72	7	Q	3	2	4	998	72	5	72	7	Q	3	2	4	998	7	7	Q	12	3	3	2	2	4	4	473
694	532	38304	72	694	7	Q	3	T	5	532	694	5	694	7	Q	3	T	5	532	7	7	Q	12	3	3	T	10	5	5	472
973	939	68547	73	973	7	Q	9	A	T	939	973	5	973	7	Q	9	A	T	939	7	7	Q	12	9	9	A	14	T	10	471
346	326	24124	74	346	7	A	3	6	8	326	346	5	346	7	A	3	6	8	326	7	7	A	14	3	3	6	6	8	8	468
563	661	49575	75	563	8	2	3	9	T	661	563	5	563	8	2	3	9	T	661	8	8	2	2	3	3	9	9	T	10	456
975	442	33592	76	975	8	4	6	9	T	442	975	5	975	8	4	6	9	T	442	8	8	4	4	6	6	9	9	T	10	449
215	332	25564	77	215	8	5	9	6	T	332	215	5	215	8	5	9	6	T	332	8	8	5	5	9	9	6	6	T	10	441
927	234	18252	78	927	8	5	T	Q	K	234	927	5	927	8	5	T	Q	K	234	8	8	5	5	T	10	Q	12	K	13	440
478	804	63516	79	478	8	6	7	T	2	804	478	5	478	8	6	7	T	2	804	8	8	6	6	7	7	T	10	2	2	439
872	801	64080	80	872	8	T	5	A	4	801	872	5	872	8	T	5	A	4	801	8	8	T	10	5	5	A	14	4	4	415
895	42	3402	81	895	8	Q	2	7	6	42	895	5	895	8	Q	2	7	6	42	8	8	Q	12	2	2	7	7	6	6	411
526	186	15252	82	526	8	Q	K	4	5	186	526	5	526	8	Q	K	4	5	186	8	8	Q	12	K	13	4	4	5	5	409
75	187	15521	83	75	8	K	A	9	7	187	75	5	75	8	K	A	9	7	187	8	8	K	13	A	14	9	9	7	7	402
495	246	20664	84	495	9	2	A	5	Q	246	495	5	495	9	2	A	5	Q	246	9	9	2	2	A	14	5	5	Q	12	388
333	650	55250	85	333	9	3	5	Q	7	650	333	5	333	9	3	5	Q	7	650	9	9	3	3	5	5	Q	12	7	7	385
548	899	77314	86	548	9	3	Q	T	2	899	548	5	548	9	3	Q	T	2	899	9	9	3	3	Q	12	T	10	2	2	379
424	947	82389	87	424	9	5	3	K	7	947	424	5	424	9	5	3	K	7	947	9	9	5	5	3	3	K	13	7	7	372
403	841	74008	88	403	9	5	K	8	3	841	403	5	403	9	5	K	8	3	841	9	9	5	5	K	13	8	8	3	3	365
555	824	73336	89	555	9	6	Q	4	3	824	555	5	555	9	6	Q	4	3	824	9	9	6	6	Q	12	4	4	3	3	360
96	359	32310	90	96	9	8	5	3	4	359	96	5	96	9	8	5	3	4	359	9	9	8	8	5	5	3	3	4	4	353
407	993	90363	91	407	9	Q	3	6	2	993	407	5	407	9	Q	3	6	2	993	9	9	Q	12	3	3	6	6	2	2	328
675	731	67252	92	675	9	Q	3	6	8	731	675	5	675	9	Q	3	6	8	731	9	9	Q	12	3	3	6	6	8	8	327
261	709	65937	93	261	9	Q	3	8	T	709	261	5	261	9	Q	3	8	T	709	9	9	Q	12	3	3	8	8	T	10	326
928	270	25380	94	928	9	Q	4	A	7	270	928	5	928	9	Q	4	A	7	270	9	9	Q	12	4	4	A	14	7	7	325
691	180	17100	95	691	9	K	6	5	A	180	691	5	691	9	K	6	5	A	180	9	9	K	13	6	6	5	5	A	14	321
522	837	80352	96	522	9	A	4	3	T	837	522	5	522	9	A	4	3	T	837	9	9	A	14	4	4	3	3	T	10	318
323	766	74302	97	323	9	A	8	K	5	766	323	5	323	9	A	8	K	5	766	9	9	A	14	8	8	K	13	5	5	316
19	376	36848	98	19	T	4	7	9	2	376	19	5	19	T	4	7	9	2	376	T	10	4	4	7	7	9	9	2	2	298
545	974	96426	99	545	T	5	3	9	A	974	545	5	545	T	5	3	9	A	974	T	10	5	5	3	3	9	9	A	14	295
167	685	68500	100	167	T	6	A	7	8	685	167	5	167	T	6	A	7	8	685	T	10	6	6	A	14	7	7	8	8	287
451	26	2626	101	451	T	7	6	2	5	26	451	5	451	T	7	6	2	5	26	T	10	7	7	6	6	2	2	5	5	283
51	173	17646	102	51	T	8	6	9	K	173	51	5	51	T	8	6	9	K	173	T	10	8	8	6	6	9	9	K	13	278
999	374	38522	103	999	T	9	6	4	3	374	999	5	999	T	9	6	4	3	374	T	10	9	9	6	6	4	4	3	3	276
223	60	6240	104	223	T	9	7	6	2	60	223	5	223	T	9	7	6	2	60	T	10	9	9	7	7	6	6	2	2	275
455	556	58380	105	455	T	K	3	4	9	556	455	5	455	T	K	3	4	9	556	T	10	K	13	3	3	4	4	9	9	252
566	600	63600	106	566	T	K	8	Q	9	600	566	5	566	T	K	8	Q	9	600	T	10	K	13	8	8	Q	12	9	9	251
199	923	98761	107	199	T	K	9	3	6	923	199	5	199	T	K	9	3	6	923	T	10	K	13	9	9	3	3	6	6	250
318	460	49680	108	318	T	A	K	8	5	460	318	5	318	T	A	K	8	5	460	T	10	A	14	K	13	8	8	5	5	241
372	148	16132	109	372	Q	3	8	T	K	148	372	5	372	Q	3	8	T	K	148	Q	12	3	3	8	8	T	10	K	13	234
788	833	91630	110	788	Q	3	K	9	6	833	788	5	788	Q	3	K	9	6	833	Q	12	3	3	K	13	9	9	6	6	233
923	798	88578	111	923	Q	4	5	K	7	798	923	5	923	Q	4	5	K	7	798	Q	12	4	4	5	5	K	13	7	7	231
368	629	70448	112	368	Q	4	9	8	2	629	368	5	368	Q	4	9	8	2	629	Q	12	4	4	9	9	8	8	2	2	229
893	666	75258	113	893	Q	5	K	8	3	666	893	5	893	Q	5	K	8	3	666	Q	12	5	5	K	13	8	8	3	3	221
576	585	66690	114	576	Q	6	2	3	5	585	576	5	576	Q	6	2	3	5	585	Q	12	6	6	2	2	3	3	5	5	219
752	456	52440	115	752	Q	7	8	K	5	456	752	5	752	Q	7	8	K	5	456	Q	12	7	7	8	8	K	13	5	5	211
53	562	65192	116	53	Q	7	9	6	3	562	53	5	53	Q	7	9	6	3	562	Q	12	7	7	9	9	6	6	3	3	210
536	343	40131	117	536	Q	8	A	5	4	343	536	5	536	Q	8	A	5	4	343	Q	12	8	8	A	14	5	5	4	4	204
309	759	89562	118	309	Q	9	2	8	T	759	309	5	309	Q	9	2	8	T	759	Q	12	9	9	2	2	8	8	T	10	203
400	768	91392	119	400	Q	9	3	4	5	768	400	5	400	Q	9	3	4	5	768	Q	12	9	9	3	3	4	4	5	5	202
579	812	97440	120	579	Q	9	8	4	5	812	579	5	579	Q	9	8	4	5	812	Q	12	9	9	8	8	4	4	5	5	201
542	538	65098	121	542	Q	K	2	6	4	538	542	5	542	Q	K	2	6	4	538	Q	12	K	13	2	2	6	6	4	4	179
509	627	76494	122	509	K	3	9	4	8	627	509	5	509	K	3	9	4	8	627	K	13	3	3	9	9	4	4	8	8	167
840	861	105903	123	840	K	3	9	7	Q	861	840	5	840	K	3	9	7	Q	861	K	13	3	3	9	9	7	7	Q	12	166
628	495	61380	124	628	K	4	3	Q	9	495	628	5	628	K	4	3	Q	9	495	K	13	4	4	3	3	Q	12	9	9	164
639	954	119250	125	639	K	4	8	2	3	954	639	5	639	K	4	8	2	3	954	K	13	4	4	8	8	2	2	3	3	162
952	815	102690	126	952	K	4	A	6	7	815	952	5	952	K	4	A	6	7	815	K	13	4	4	A	14	6	6	7	7	161
856	794	100838	127	856	K	5	6	T	A	794	856	5	856	K	5	6	T	A	794	K	13	5	5	6	6	T	10	A	14	160
193	599	76672	128	193	K	5	T	6	Q	599	193	5	193	K	5	T	6	Q	599	K	13	5	5	T	10	6	6	Q	12	156
720	569	73401	129	720	K	5	Q	7	6	569	720	5	720	K	5	Q	7	6	569	K	13	5	5	Q	12	7	7	6	6	155
287	356	46280	130	287	K	5	A	T	4	356	287	5	287	K	5	A	T	4	356	K	13	5	5	A	14	T	10	4	4	153
404	940	123140	131	404	K	7	4	9	6	940	404	5	404	K	7	4	9	6	940	K	13	7	7	4	4	9	9	6	6	148
945	4	528	132	945	K	9	T	Q	6	4	945	5	945	K	9	T	Q	6	4	K	13	9	9	T	10	Q	12	6	6	134
987	542	72086	133	987	K	A	4	T	7	542	987	5	987	K	A	4	T	7	542	K	13	A	14	4	4	T	10	7	7	106
481	894	119796	134	481	A	3	6	4	7	894	481	5	481	A	3	6	4	7	894	A	14	3	3	6	6	4	4	7	7	81
761	427	57645	135	761	A	5	6	2	8	427	761	5	761	A	5	6	2	8	427	A	14	5	5	6	6	2	2	8	8	72
66	644	87584	136	66	A	6	9	8	5	644	66	5	66	A	6	9	8	5	644	A	14	6	6	9	9	8	8	5	5	67
512	209	28633	137	512	A	7	Q	9	6	209	512	5	512	A	7	Q	9	6	209	A	14	7	7	Q	12	9	9	6	6	57
352	127	17526	138	352	A	9	Q	K	3	127	352	5	352	A	9	Q	K	3	127	A	14	9	9	Q	12	K	13	3	3	49
519	361	50179	139	519	A	T	3	2	7	361	519	5	519	A	T	3	2	7	361	A	14	T	10	3	3	2	2	7	7	43
87	686	96040	140	87	A	Q	5	T	9	686	87	5	87	A	Q	5	T	9	686	A	14	Q	12	5	5	T	10	9	9	36
480	543	76563	141	480	A	Q	T	4	2	543	480	5	480	A	Q	T	4	2	543	A	14	Q	12	T	10	4	4	2	2	35
573	919	130498	142	573	A	Q	K	8	5	919	573	5	573	A	Q	K	8	5	919	A	14	Q	12	K	13	8	8	5	5	34
789	553	79079	143	789	A	K	4	3	5	553	789	5	789	A	K	4	3	5	553	A	14	K	13	4	4	3	3	5	5	31
880	636	91584	144	880	J	4	8	6	3	636	880	6	880	J	4	8	6	3	636	J	1	4	4	8	8	6	6	3	3	981
306	37	5365	145	306	J	4	T	A	2	37	306	6	306	J	4	T	A	2	37	J	1	4	4	T	10	A	14	2	2	980
493	547	79862	146	493	J	5	6	K	3	547	493	6	493	J	5	6	K	3	547	J	1	5	5	6	6	K	13	3	3	973
245	453	66591	147	245	J	5	7	6	2	453	245	6	245	J	5	7	6	2	453	J	1	5	5	7	7	6	6	2	2	972
864	222	32856	148	864	J	6	T	3	9	222	864	6	864	J	6	T	3	9	222	J	1	6	6	T	10	3	3	9	9	963
445	162	24138	149	445	J	8	2	6	A	162	445	6	445	J	8	2	6	A	162	J	1	8	8	2	2	6	6	A	14	957
262	857	128550	150	262	J	9	Q	2	6	857	262	6	262	J	9	Q	2	6	857	J	1	9	9	Q	12	2	2	6	6	948
881	533	80483	151	881	J	Q	8	4	K	533	881	6	881	J	Q	8	4	K	533	J	1	Q	12	8	8	4	4	K	13	939
298	248	37696	152	298	J	Q	K	2	A	248	298	6	298	J	Q	K	2	A	248	J	1	Q	12	K	13	2	2	A	14	938
112	146	22338	153	112	J	K	5	4	2	146	112	6	112	J	K	5	4	2	146	J	1	K	13	5	5	4	4	2	2	935
689	70	10780	154	689	J	A	2	3	8	70	689	6	689	J	A	2	3	8	70	J	1	A	14	2	2	3	3	8	8	932
964	277	42935	155	964	J	A	4	9	2	277	964	6	964	J	A	4	9	2	277	J	1	A	14	4	4	9	9	2	2	929
726	391	60996	156	726	J	A	5	7	2	391	726	6	726	J	A	5	7	2	391	J	1	A	14	5	5	7	7	2	2	928
784	220	34540	157	784	J	A	9	5	T	220	784	6	784	J	A	9	5	T	220	J	1	A	14	9	9	5	5	T	10	926
918	917	144886	158	918	2	J	7	8	A	917	918	6	918	2	J	7	8	A	917	2	2	J	1	7	7	8	8	A	14	915
646	102	16218	159	646	2	J	8	4	6	102	646	6	646	2	J	8	4	6	102	2	2	J	1	8	8	4	4	6	6	914
64	438	70080	160	64	2	2	5	7	A	438	64	6	64	2	2	5	7	A	438	2	2	2	2	5	5	7	7	A	14	902
705	499	80339	161	705	2	2	T	5	Q	499	705	6	705	2	2	T	5	Q	499	2	2	2	2	T	10	5	5	Q	12	892
12	574	92988	162	12	2	2	K	Q	7	574	12	6	12	2	2	K	Q	7	574	2	2	2	2	K	13	Q	12	7	7	891
436	710	115730	163	436	2	3	Q	8	2	710	436	6	436	2	3	Q	8	2	710	2	2	3	3	Q	12	8	8	2	2	888
968	436	71504	164	968	2	4	A	9	2	436	968	6	968	2	4	A	9	2	436	2	2	4	4	A	14	9	9	2	2	885
884	410	67650	165	884	2	5	J	8	6	410	884	6	884	2	5	J	8	6	410	2	2	5	5	J	1	8	8	6	6	884
2	214	35524	166	2	2	6	J	3	5	214	2	6	2	2	6	J	3	5	214	2	2	6	6	J	1	3	3	5	5	879
981	161	26887	167	981	2	6	5	T	J	161	981	6	981	2	6	5	T	J	161	2	2	6	6	5	5	T	10	J	1	874
634	97	16296	168	634	2	8	3	6	2	97	634	6	634	2	8	3	6	2	97	2	2	8	8	3	3	6	6	2	2	867
534	765	129285	169	534	2	8	9	6	6	765	534	6	534	2	8	9	6	6	765	2	2	8	8	9	9	6	6	6	6	863
114	817	138890	170	114	2	8	T	4	J	817	114	6	114	2	8	T	4	J	817	2	2	8	8	T	10	4	4	J	1	861
279	195	33345	171	279	2	8	T	4	4	195	279	6	279	2	8	T	4	4	195	2	2	8	8	T	10	4	4	4	4	860
793	733	126076	172	793	2	9	8	K	9	733	793	6	793	2	9	8	K	9	733	2	2	9	9	8	8	K	13	9	9	859
231	623	107779	173	231	2	T	8	A	J	623	231	6	231	2	T	8	A	J	623	2	2	T	10	8	8	A	14	J	1	852
461	347	60378	174	461	2	K	6	9	K	347	461	6	461	2	K	6	9	K	347	2	2	K	13	6	6	9	9	K	13	847
737	878	153650	175	737	2	K	Q	3	3	878	737	6	737	2	K	Q	3	3	878	2	2	K	13	Q	12	3	3	3	3	845
266	814	143264	176	266	2	K	Q	6	2	814	266	6	266	2	K	Q	6	2	814	2	2	K	13	Q	12	6	6	2	2	844
516	981	173637	177	516	2	A	J	K	T	981	516	6	516	2	A	J	K	T	981	2	2	A	14	J	1	K	13	T	10	842
253	890	158420	178	253	2	A	2	K	T	890	253	6	253	2	A	2	K	T	890	2	2	A	14	2	2	K	13	T	10	841
845	449	80371	179	845	3	J	2	7	K	449	845	6	845	3	J	2	7	K	449	3	3	J	1	2	2	7	7	K	13	835
288	996	179280	180	288	3	J	5	6	T	996	288	6	288	3	J	5	6	T	996	3	3	J	1	5	5	6	6	T	10	833
217	721	130501	181	217	3	J	8	4	Q	721	217	6	217	3	J	8	4	Q	721	3	3	J	1	8	8	4	4	Q	12	832
142	184	33488	182	142	3	4	4	T	7	184	142	6	142	3	4	4	T	7	184	3	3	4	4	4	4	T	10	7	7	814
74	232	42456	183	74	3	4	K	2	K	232	74	6	74	3	4	K	2	K	232	3	3	4	4	K	13	2	2	K	13	812
214	435	80040	184	214	3	9	7	7	K	435	214	6	214	3	9	7	7	K	435	3	3	9	9	7	7	7	7	K	13	798
470	732	135420	185	470	3	T	J	6	8	732	470	6	470	3	T	J	6	8	732	3	3	T	10	J	1	6	6	8	8	796
250	872	162192	186	250	3	T	5	3	K	872	250	6	250	3	T	5	3	K	872	3	3	T	10	5	5	3	3	K	13	794
501	454	84898	187	501	3	K	J	T	5	454	501	6	501	3	K	J	T	5	454	3	3	K	13	J	1	T	10	5	5	786
394	922	173336	188	394	3	K	6	T	J	922	394	6	394	3	K	6	T	J	922	3	3	K	13	6	6	T	10	J	1	782
458	728	137592	189	458	3	K	7	K	9	728	458	6	458	3	K	7	K	9	728	3	3	K	13	7	7	K	13	9	9	781
931	207	39330	190	931	4	2	2	6	T	207	931	6	931	4	2	2	6	T	207	4	4	2	2	2	2	6	6	T	10	765
304	155	29605	191	304	4	2	9	8	9	155	304	6	304	4	2	9	8	9	155	4	4	2	2	9	9	8	8	9	9	764
924	951	182592	192	924	4	3	3	A	T	951	924	6	924	4	3	3	A	T	951	4	4	3	3	3	3	A	14	T	10	762
917	149	28757	193	917	4	5	8	K	K	149	917	6	917	4	5	8	K	K	149	4	4	5	5	8	8	K	13	K	13	734
567	888	172272	194	567	4	5	A	7	A	888	567	6	567	4	5	A	7	A	888	4	4	5	5	A	14	7	7	A	14	731
47	350	68250	195	47	4	6	8	J	Q	350	47	6	47	4	6	8	J	Q	350	4	4	6	6	8	8	J	1	Q	12	723
69	459	89964	196	69	4	6	T	A	J	459	69	6	69	4	6	T	A	J	459	4	4	6	6	T	10	A	14	J	1	722
311	991	195227	197	311	4	7	J	T	9	991	311	6	311	4	7	J	T	9	991	4	4	7	7	J	1	T	10	9	9	721
205	695	137610	198	205	4	7	6	7	5	695	205	6	205	4	7	6	7	5	695	4	4	7	7	6	6	7	7	5	5	718
967	441	87759	199	967	4	7	9	2	2	441	967	6	967	4	7	9	2	2	441	4	4	7	7	9	9	2	2	2	2	714
41	285	57000	200	41	4	7	T	K	J	285	41	6	41	4	7	T	K	J	285	4	4	7	7	T	10	K	13	J	1	713
772	842	169242	201	772	4	8	8	5	9	842	772	6	772	4	8	8	5	9	842	4	4	8	8	8	8	5	5	9	9	706
373	46	9292	202	373	4	9	3	4	2	46	373	6	373	4	9	3	4	2	46	4	4	9	9	3	3	4	4	2	2	705
926	615	124845	203	926	4	9	T	8	J	615	926	6	926	4	9	T	8	J	615	4	4	9	9	T	10	8	8	J	1	701
121	224	45696	204	121	4	9	K	8	8	224	121	6	121	4	9	K	8	8	224	4	4	9	9	K	13	8	8	8	8	699
619	443	90815	205	619	4	T	7	7	Q	443	619	6	619	4	T	7	7	Q	443	4	4	T	10	7	7	7	7	Q	12	694
865	742	152852	206	865	4	T	9	4	K	742	865	6	865	4	T	9	4	K	742	4	4	T	10	9	9	4	4	K	13	693
580	66	13662	207	580	4	K	5	8	J	66	580	6	580	4	K	5	8	J	66	4	4	K	13	5	5	8	8	J	1	685
255	724	150592	208	255	4	A	5	K	A	724	255	6	255	4	A	5	K	A	724	4	4	A	14	5	5	K	13	A	14	679
395	816	170544	209	395	5	J	Q	A	2	816	395	6	395	5	J	Q	A	2	816	5	5	J	1	Q	12	A	14	2	2	672
208	212	44520	210	208	5	4	J	9	K	212	208	6	208	5	4	J	9	K	212	5	5	4	4	J	1	9	9	K	13	660
656	560	118160	211	656	5	4	8	8	3	560	656	6	656	5	4	8	8	3	560	5	5	4	4	8	8	8	8	3	3	656
704	739	156668	212	704	5	6	T	5	3	739	704	6	704	5	6	T	5	3	739	5	5	6	6	T	10	5	5	3	3	629
20	414	88182	213	20	5	7	J	6	Q	414	20	6	20	5	7	J	6	Q	414	5	5	7	7	J	1	6	6	Q	12	628
415	53	11342	214	415	5	7	7	K	Q	53	415	6	415	5	7	7	K	Q	53	5	5	7	7	7	7	K	13	Q	12	623
626	366	78690	215	626	5	8	T	J	2	366	626	6	626	5	8	T	J	2	366	5	5	8	8	T	10	J	1	2	2	619
442	980	211680	216	442	5	9	6	6	T	980	442	6	442	5	9	6	6	T	980	5	5	9	9	6	6	6	6	T	10	617
180	809	175553	217	180	5	9	T	4	J	809	180	6	180	5	9	T	4	J	809	5	5	9	9	T	10	4	4	J	1	616
603	77	16786	218	603	5	Q	J	T	7	77	603	6	603	5	Q	J	T	7	77	5	5	Q	12	J	1	T	10	7	7	609
862	877	192063	219	862	5	K	3	3	6	877	862	6	862	5	K	3	3	6	877	5	5	K	13	3	3	3	3	6	6	604
77	282	62040	220	77	5	A	6	6	K	282	77	6	77	5	A	6	6	K	282	5	5	A	14	6	6	6	6	K	13	597
212	696	153816	221	212	5	A	Q	4	5	696	212	6	212	5	A	Q	4	5	696	5	5	A	14	Q	12	4	4	5	5	596
347	255	56610	222	347	6	J	A	2	T	255	347	6	347	6	J	A	2	T	255	6	6	J	1	A	14	2	2	T	10	591
559	311	69353	223	559	6	3	T	7	J	311	559	6	559	6	3	T	7	J	311	6	6	3	3	T	10	7	7	J	1	583
73	977	218848	224	73	6	4	5	J	7	977	73	6	73	6	4	5	J	7	977	6	6	4	4	5	5	J	1	7	7	582
690	775	174375	225	690	6	5	T	Q	T	775	690	6	690	6	5	T	Q	T	775	6	6	5	5	T	10	Q	12	T	10	579
425	611	138086	226	425	6	6	2	8	A	611	425	6	425	6	6	2	8	A	611	6	6	6	6	2	2	8	8	A	14	576
383	694	157538	227	383	6	6	A	4	5	694	383	6	383	6	6	A	4	5	694	6	6	6	6	A	14	4	4	5	5	561
890	995	226860	228	890	6	7	3	7	9	995	890	6	890	6	7	3	7	9	995	6	6	7	7	3	3	7	7	9	9	559
766	800	183200	229	766	6	7	7	2	Q	800	766	6	766	6	7	7	2	Q	800	6	6	7	7	7	7	2	2	Q	12	557
408	509	117070	230	408	6	T	5	7	6	509	408	6	408	6	T	5	7	6	509	6	6	T	10	5	5	7	7	6	6	548
974	525	121275	231	974	6	Q	2	6	8	525	974	6	974	6	Q	2	6	8	525	6	6	Q	12	2	2	6	6	8	8	542
938	867	201144	232	938	6	Q	3	Q	5	867	938	6	938	6	Q	3	Q	5	867	6	6	Q	12	3	3	Q	12	5	5	539
45	172	40076	233	45	7	J	2	6	8	172	45	6	45	7	J	2	6	8	172	7	7	J	1	2	2	6	6	8	8	528
132	363	84942	234	132	7	J	3	A	5	363	132	6	132	7	J	3	A	5	363	7	7	J	1	3	3	A	14	5	5	527
693	501	117735	235	693	7	J	8	2	T	501	693	6	693	7	J	8	2	T	501	7	7	J	1	8	8	2	2	T	10	526
131	448	105728	236	131	7	2	J	8	5	448	131	6	131	7	2	J	8	5	448	7	7	2	2	J	1	8	8	5	5	523
418	984	233208	237	418	7	2	7	A	6	984	418	6	418	7	2	7	A	6	984	7	7	2	2	7	7	A	14	6	6	522
85	915	217770	238	85	7	2	8	6	8	915	85	6	85	7	2	8	6	8	915	7	7	2	2	8	8	6	6	8	8	521
151	425	101575	239	151	7	2	9	3	2	425	151	6	151	7	2	9	3	2	425	7	7	2	2	9	9	3	3	2	2	520
320	362	86880	240	320	7	2	Q	Q	5	362	320	6	320	7	2	Q	Q	5	362	7	7	2	2	Q	12	Q	12	5	5	518
203	24	5784	241	203	7	5	K	3	7	24	203	6	203	7	5	K	3	7	24	7	7	5	5	K	13	3	3	7	7	506
654	948	229416	242	654	7	5	K	5	2	948	654	6	654	7	5	K	5	2	948	7	7	5	5	K	13	5	5	2	2	505
459	906	220158	243	459	7	7	T	6	5	906	459	6	459	7	7	T	6	5	906	7	7	7	7	T	10	6	6	5	5	492
513	508	123952	244	513	7	8	J	Q	T	508	513	6	513	7	8	J	Q	T	508	7	7	8	8	J	1	Q	12	T	10	487
8	783	191835	245	8	7	8	8	T	2	783	8	6	8	7	8	8	T	2	783	7	7	8	8	8	8	T	10	2	2	483
876	1000	246000	246	876	7	9	2	J	4	1000	876	6	876	7	9	2	J	4	1000	7	7	9	9	2	2	J	1	4	4	482
265	774	191178	247	265	7	9	9	8	K	774	265	6	265	7	9	9	8	K	774	7	7	9	9	9	9	8	8	K	13	479
888	109	27032	248	888	7	Q	J	2	A	109	888	6	888	7	Q	J	2	A	109	7	7	Q	12	J	1	2	2	A	14	474
511	565	140685	249	511	8	J	3	7	6	565	511	6	511	8	J	3	7	6	565	8	8	J	1	3	3	7	7	6	6	464
469	633	158250	250	469	8	J	6	7	9	633	469	6	469	8	J	6	7	9	633	8	8	J	1	6	6	7	7	9	9	462
159	245	61495	251	159	8	3	J	5	6	245	159	6	159	8	3	J	5	6	245	8	8	3	3	J	1	5	5	6	6	454
781	18	4536	252	781	8	3	3	K	9	18	781	6	781	8	3	3	K	9	18	8	8	3	3	3	3	K	13	9	9	452
220	839	212267	253	220	8	4	T	7	7	839	220	6	220	8	4	T	7	7	839	8	8	4	4	T	10	7	7	7	7	447
18	657	166878	254	18	8	4	A	T	T	657	18	6	18	8	4	A	T	T	657	8	8	4	4	A	14	T	10	T	10	446
423	987	251685	255	423	8	5	6	J	7	987	423	6	423	8	5	6	J	7	987	8	8	5	5	6	6	J	1	7	7	442
314	747	191232	256	314	8	T	5	9	8	747	314	6	314	8	T	5	9	8	747	8	8	T	10	5	5	9	9	8	8	416
635	616	158312	257	635	8	K	3	J	4	616	635	6	635	8	K	3	J	4	616	8	8	K	13	3	3	J	1	4	4	408
449	982	253356	258	449	8	K	7	9	K	982	449	6	449	8	K	7	9	K	982	8	8	K	13	7	7	9	9	K	13	407
198	402	104118	259	198	8	K	9	8	A	402	198	6	198	8	K	9	8	A	402	8	8	K	13	9	9	8	8	A	14	405
885	592	153920	260	885	8	A	8	4	2	592	885	6	885	8	A	8	4	2	592	8	8	A	14	8	8	4	4	2	2	401
182	346	90306	261	182	9	J	2	Q	7	346	182	6	182	9	J	2	Q	7	346	9	9	J	1	2	2	Q	12	7	7	399
560	966	253092	262	560	9	J	3	6	2	966	560	6	560	9	J	3	6	2	966	9	9	J	1	3	3	6	6	2	2	398
332	56	14728	263	332	9	J	A	K	T	56	332	6	332	9	J	A	K	T	56	9	9	J	1	A	14	K	13	T	10	392
7	622	164208	264	7	9	2	5	J	4	622	7	6	7	9	2	5	J	4	622	9	9	2	2	5	5	J	1	4	4	391
362	229	60685	265	362	9	2	K	5	5	229	362	6	362	9	2	K	5	5	229	9	9	2	2	K	13	5	5	5	5	389
697	91	24206	266	697	9	3	3	6	K	91	697	6	697	9	3	3	6	K	91	9	9	3	3	3	3	6	6	K	13	386
370	504	134568	267	370	9	3	7	J	5	504	370	6	370	9	3	7	J	5	504	9	9	3	3	7	7	J	1	5	5	384
776	649	173932	268	776	9	3	7	K	9	649	776	6	776	9	3	7	K	9	649	9	9	3	3	7	7	K	13	9	9	382
733	294	79086	269	733	9	4	5	9	3	294	733	6	733	9	4	5	9	3	294	9	9	4	4	5	5	9	9	3	3	377
269	411	110970	270	269	9	4	6	Q	6	411	269	6	269	9	4	6	Q	6	411	9	9	4	4	6	6	Q	12	6	6	375
944	260	70460	271	944	9	4	K	Q	J	260	944	6	944	9	4	K	Q	J	260	9	9	4	4	K	13	Q	12	J	1	373
434	52	14144	272	434	9	5	9	T	8	52	434	6	434	9	5	9	T	8	52	9	9	5	5	9	9	T	10	8	8	369
652	93	25389	273	652	9	5	K	7	5	93	652	6	652	9	5	K	7	5	93	9	9	5	5	K	13	7	7	5	5	366
910	198	54252	274	910	9	6	7	4	7	198	910	6	910	9	6	7	4	7	198	9	9	6	6	7	7	4	4	7	7	361
902	106	29150	275	902	9	6	K	5	9	106	902	6	902	9	6	K	5	9	106	9	9	6	6	K	13	5	5	9	9	357
660	193	53268	276	660	9	6	K	9	T	193	660	6	660	9	6	K	9	T	193	9	9	6	6	K	13	9	9	T	10	356
430	124	34348	277	430	9	6	A	2	A	124	430	6	430	9	6	A	2	A	124	9	9	6	6	A	14	2	2	A	14	355
491	429	119262	278	491	9	Q	7	T	J	429	491	6	491	9	Q	7	T	J	429	9	9	Q	12	7	7	T	10	J	1	324
484	330	92070	279	484	9	A	4	9	2	330	484	6	484	9	A	4	9	2	330	9	9	A	14	4	4	9	9	2	2	317
391	408	114240	280	391	T	J	4	7	2	408	391	6	391	T	J	4	7	2	408	T	10	J	1	4	4	7	7	2	2	313
930	513	144153	281	930	T	4	T	K	9	513	930	6	930	T	4	T	K	9	513	T	10	4	4	T	10	K	13	9	9	296
68	912	257184	282	68	T	6	A	J	5	912	68	6	68	T	6	A	J	5	912	T	10	6	6	A	14	J	1	5	5	288
760	170	48110	283	760	T	6	A	8	T	170	760	6	760	T	6	A	8	T	170	T	10	6	6	A	14	8	8	T	10	286
736	80	22720	284	736	T	7	3	2	3	80	736	6	736	T	7	3	2	3	80	T	10	7	7	3	3	2	2	3	3	285
696	437	124545	285	696	T	7	3	7	Q	437	696	6	696	T	7	3	7	Q	437	T	10	7	7	3	3	7	7	Q	12	284
706	51	14586	286	706	T	7	6	6	4	51	706	6	706	T	7	6	6	4	51	T	10	7	7	6	6	6	6	4	4	282
472	928	266336	287	472	T	9	J	8	K	928	472	6	472	T	9	J	8	K	928	T	10	9	9	J	1	8	8	K	13	277
197	961	276768	288	197	T	9	T	4	2	961	197	6	197	T	9	T	4	2	961	T	10	9	9	T	10	4	4	2	2	273
169	71	20519	289	169	T	9	Q	T	K	71	169	6	169	T	9	Q	T	K	71	T	10	9	9	Q	12	T	10	K	13	271
539	946	274340	290	539	T	T	2	A	5	946	539	6	539	T	T	2	A	5	946	T	10	T	10	2	2	A	14	5	5	267
797	471	137061	291	797	T	T	3	4	K	471	797	6	797	T	T	3	4	K	471	T	10	T	10	3	3	4	4	K	13	265
860	249	72708	292	860	T	Q	4	5	4	249	860	6	860	T	Q	4	5	4	249	T	10	Q	12	4	4	5	5	4	4	254
113	302	88486	293	113	T	K	K	6	8	302	113	6	113	T	K	K	6	8	302	T	10	K	13	K	13	6	6	8	8	249
506	994	292236	294	506	T	A	7	A	9	994	506	6	506	T	A	7	A	9	994	T	10	A	14	7	7	A	14	9	9	243
441	969	285855	295	441	Q	2	7	Q	9	969	441	6	441	Q	2	7	Q	9	969	Q	12	2	2	7	7	Q	12	9	9	236
807	870	257520	296	807	Q	3	4	K	3	870	807	6	807	Q	3	4	K	3	870	Q	12	3	3	4	4	K	13	3	3	235
942	746	221562	297	942	Q	3	K	K	2	746	942	6	942	Q	3	K	K	2	746	Q	12	3	3	K	13	K	13	2	2	232
267	103	30694	298	267	Q	4	6	4	8	103	267	6	267	Q	4	6	4	8	103	Q	12	4	4	6	6	4	4	8	8	230
674	893	267007	299	674	Q	4	K	A	A	893	674	6	674	Q	4	K	A	A	893	Q	12	4	4	K	13	A	14	A	14	228
877	352	105600	300	877	Q	5	2	6	6	352	877	6	877	Q	5	2	6	6	352	Q	12	5	5	2	2	6	6	6	6	227
61	365	109865	301	61	Q	5	5	A	T	365	61	6	61	Q	5	5	A	T	365	Q	12	5	5	5	5	A	14	T	10	225
99	641	193582	302	99	Q	5	K	5	7	641	99	6	99	Q	5	K	5	7	641	Q	12	5	5	K	13	5	5	7	7	222
996	412	124836	303	996	Q	6	J	8	3	412	996	6	996	Q	6	J	8	3	412	Q	12	6	6	J	1	8	8	3	3	220
518	748	227392	304	518	Q	6	Q	K	7	748	518	6	518	Q	6	Q	K	7	748	Q	12	6	6	Q	12	K	13	7	7	216
110	683	208315	305	110	Q	8	J	9	6	683	110	6	110	Q	8	J	9	6	683	Q	12	8	8	J	1	9	9	6	6	209
319	358	109548	306	319	Q	8	3	J	2	358	319	6	319	Q	8	3	J	2	358	Q	12	8	8	3	3	J	1	2	2	208
586	371	113897	307	586	Q	8	3	T	T	371	586	6	586	Q	8	3	T	T	371	Q	12	8	8	3	3	T	10	T	10	207
947	486	149688	308	947	Q	9	A	K	9	486	947	6	947	Q	9	A	K	9	486	Q	12	9	9	A	14	K	13	9	9	200
594	986	304674	309	594	Q	T	3	K	3	986	594	6	594	Q	T	3	K	3	986	Q	12	T	10	3	3	K	13	3	3	199
111	792	245520	310	111	Q	K	3	6	6	792	111	6	111	Q	K	3	6	6	792	Q	12	K	13	3	3	6	6	6	6	178
685	519	161409	311	685	Q	K	T	4	Q	519	685	6	685	Q	K	T	4	Q	519	Q	12	K	13	T	10	4	4	Q	12	177
871	380	118560	312	871	Q	A	A	9	6	380	871	6	871	Q	A	A	9	6	380	Q	12	A	14	A	14	9	9	6	6	174
313	44	13772	313	313	K	J	2	7	A	44	313	6	313	K	J	2	7	A	44	K	13	J	1	2	2	7	7	A	14	173
725	901	282914	314	725	K	J	6	3	2	901	725	6	725	K	J	6	3	2	901	K	13	J	1	6	6	3	3	2	2	172
301	41	12915	315	301	K	4	6	Q	J	41	301	6	301	K	4	6	Q	J	41	K	13	4	4	6	6	Q	12	J	1	163
744	680	214880	316	744	K	5	7	8	7	680	744	6	744	K	5	7	8	7	680	K	13	5	5	7	7	8	8	7	7	159
983	34	10778	317	983	K	7	6	6	4	34	983	6	983	K	7	6	6	4	34	K	13	7	7	6	6	6	6	4	4	147
225	462	146916	318	225	K	7	K	A	3	462	225	6	225	K	7	K	A	3	462	K	13	7	7	K	13	A	14	3	3	145
963	584	186296	319	963	K	8	9	2	2	584	963	6	963	K	8	9	2	2	584	K	13	8	8	9	9	2	2	2	2	140
802	830	265600	320	802	K	9	4	Q	9	830	802	6	802	K	9	4	Q	9	830	K	13	9	9	4	4	Q	12	9	9	138
557	185	59385	321	557	K	9	5	6	6	185	557	6	557	K	9	5	6	6	185	K	13	9	9	5	5	6	6	6	6	137
358	626	201572	322	358	K	T	9	T	2	626	358	6	358	K	T	9	T	2	626	K	13	T	10	9	9	T	10	2	2	132
494	348	112404	323	494	K	T	T	A	6	348	494	6	494	K	T	T	A	6	348	K	13	T	10	T	10	A	14	6	6	131
376	851	275724	324	376	K	Q	4	8	8	851	376	6	376	K	Q	4	8	8	851	K	13	Q	12	4	4	8	8	8	8	129
844	203	65975	325	844	K	K	6	3	8	203	844	6	844	K	K	6	3	8	203	K	13	K	13	6	6	3	3	8	8	123
211	235	76610	326	211	K	A	4	2	K	235	211	6	211	K	A	4	2	K	235	K	13	A	14	4	4	2	2	K	13	107
207	514	168078	327	207	A	J	5	6	Q	514	207	6	207	A	J	5	6	Q	514	A	14	J	1	5	5	6	6	Q	12	98
243	472	154816	328	243	A	2	2	6	K	472	243	6	243	A	2	2	6	K	472	A	14	2	2	2	2	6	6	K	13	87
986	818	269122	329	986	A	2	9	8	J	818	986	6	986	A	2	9	8	J	818	A	14	2	2	9	9	8	8	J	1	85
879	89	29370	330	879	A	2	9	8	9	89	879	6	879	A	2	9	8	9	89	A	14	2	2	9	9	8	8	9	9	84
729	855	283005	331	729	A	4	2	7	J	855	729	6	729	A	4	2	7	J	855	A	14	4	4	2	2	7	7	J	1	80
621	825	273900	332	621	A	4	9	K	J	825	621	6	621	A	4	9	K	J	825	A	14	4	4	9	9	K	13	J	1	76
723	464	154512	333	723	A	6	8	T	6	464	723	6	723	A	6	8	T	6	464	A	14	6	6	8	8	T	10	6	6	68
48	973	324982	334	48	A	7	5	J	T	973	48	6	48	A	7	5	J	T	973	A	14	7	7	5	5	J	1	T	10	62
592	378	126630	335	592	A	8	8	2	T	378	592	6	592	A	8	8	2	T	378	A	14	8	8	8	8	2	2	T	10	56
958	433	145488	336	958	A	9	4	9	5	433	958	6	958	A	9	4	9	5	433	A	14	9	9	4	4	9	9	5	5	52
299	324	109188	337	299	A	9	9	8	6	324	299	6	299	A	9	9	8	6	324	A	14	9	9	9	9	8	8	6	6	51
221	904	305552	338	221	A	9	Q	Q	8	904	221	6	221	A	9	Q	Q	8	904	A	14	9	9	Q	12	Q	12	8	8	50
447	156	52884	339	447	A	9	K	6	J	156	447	6	447	A	9	K	6	J	156	A	14	9	9	K	13	6	6	J	1	47
950	474	161160	340	950	A	9	K	A	6	474	950	6	950	A	9	K	A	6	474	A	14	9	9	K	13	A	14	6	6	46
852	654	223014	341	852	A	T	J	Q	3	654	852	6	852	A	T	J	Q	3	654	A	14	T	10	J	1	Q	12	3	3	44
28	608	207936	342	28	A	T	T	8	5	608	28	6	28	A	T	T	8	5	608	A	14	T	10	T	10	8	8	5	5	41
129	291	99813	343	129	A	Q	4	J	T	291	129	6	129	A	Q	4	J	T	291	A	14	Q	12	4	4	J	1	T	10	37
230	930	319920	344	230	A	K	9	K	8	930	230	6	230	A	K	9	K	8	930	A	14	K	13	9	9	K	13	8	8	30
970	502	173190	345	970	A	K	T	J	8	502	970	6	970	A	K	T	J	8	502	A	14	K	13	T	10	J	1	8	8	29
136	807	279222	346	136	A	A	4	5	Q	807	136	6	136	A	A	4	5	Q	807	A	14	A	14	4	4	5	5	Q	12	18
849	266	92302	347	849	A	A	5	9	2	266	849	6	849	A	A	5	9	2	266	A	14	A	14	5	5	9	9	2	2	16
89	838	291624	348	89	A	A	7	Q	2	838	89	6	89	A	A	7	Q	2	838	A	14	A	14	7	7	Q	12	2	2	11
901	722	251978	349	901	A	A	Q	T	K	722	901	6	901	A	A	Q	T	K	722	A	14	A	14	Q	12	T	10	K	13	8
249	638	223300	350	249	A	A	K	5	6	638	249	6	249	A	A	K	5	6	638	A	14	A	14	K	13	5	5	6	6	7
854	845	296595	351	854	2	2	3	4	3	845	854	7	854	2	2	3	4	3	845	2	2	2	2	3	3	4	4	3	3	907
285	100	35200	352	285	2	2	4	4	Q	100	285	7	285	2	2	4	4	Q	100	2	2	2	2	4	4	4	4	Q	12	906
682	972	343116	353	682	2	2	4	5	5	972	682	7	682	2	2	4	5	5	972	2	2	2	2	4	4	5	5	5	5	905
532	956	338424	354	532	2	2	5	5	K	956	532	7	532	2	2	5	5	K	956	2	2	2	2	5	5	5	5	K	13	903
58	679	241045	355	58	2	2	6	K	K	679	58	7	58	2	2	6	K	K	679	2	2	2	2	6	6	K	13	K	13	899
454	25	8900	356	454	2	2	9	7	7	25	454	7	454	2	2	9	7	7	25	2	2	2	2	9	9	7	7	7	7	894
21	466	166362	357	21	2	3	Q	2	Q	466	21	7	21	2	3	Q	2	Q	466	2	2	3	3	Q	12	2	2	Q	12	889
714	902	322916	358	714	2	5	T	2	T	902	714	7	714	2	5	T	2	T	902	2	2	5	5	T	10	2	2	T	10	880
584	10	3590	359	584	2	6	5	2	6	10	584	7	584	2	6	5	2	6	10	2	2	6	6	5	5	2	2	6	6	875
476	237	85320	360	476	2	8	8	T	T	237	476	7	476	2	8	8	T	T	237	2	2	8	8	8	8	T	10	T	10	864
235	55	19855	361	235	2	8	T	2	T	55	235	7	235	2	8	T	2	T	55	2	2	8	8	T	10	2	2	T	10	862
109	596	215752	362	109	2	9	9	2	4	596	109	7	109	2	9	9	2	4	596	2	2	9	9	9	9	2	2	4	4	858
343	452	164076	363	343	2	K	8	K	8	452	343	7	343	2	K	8	K	8	452	2	2	K	13	8	8	K	13	8	8	846
247	355	129220	364	247	3	3	6	6	K	355	247	7	247	3	3	6	6	K	355	3	3	3	3	6	6	6	6	K	13	821
93	95	34675	365	93	3	3	7	Q	7	95	93	7	93	3	3	7	Q	7	95	3	3	3	3	7	7	Q	12	7	7	820
813	936	342576	366	813	3	8	6	6	3	936	813	7	813	3	8	6	6	3	936	3	3	8	8	6	6	6	6	3	3	802
602	963	353421	367	602	4	4	2	3	2	963	602	7	602	4	4	2	3	2	963	4	4	4	4	2	2	3	3	2	2	756
581	590	217120	368	581	4	4	5	K	K	590	581	7	581	4	4	5	K	K	590	4	4	4	4	5	5	K	13	K	13	743
371	108	39852	369	371	4	4	9	9	7	108	371	7	371	4	4	9	9	7	108	4	4	4	4	9	9	9	9	7	7	739
490	607	224590	370	490	4	4	9	Q	Q	607	490	7	490	4	4	9	Q	Q	607	4	4	4	4	9	9	Q	12	Q	12	738
82	884	327964	371	82	4	6	2	6	4	884	82	7	82	4	6	2	6	4	884	4	4	6	6	2	2	6	6	4	4	729
597	707	263004	372	597	4	6	4	6	5	707	597	7	597	4	6	4	6	5	707	4	4	6	6	4	4	6	6	5	5	728
551	135	50355	373	551	4	6	6	4	3	135	551	7	551	4	6	6	4	3	135	4	4	6	6	6	6	4	4	3	3	727
316	701	262174	374	316	4	8	3	8	3	701	316	7	316	4	8	3	8	3	701	4	4	8	8	3	3	8	8	3	3	711
500	265	99375	375	500	4	8	4	Q	Q	265	500	7	500	4	8	4	Q	Q	265	4	4	8	8	4	4	Q	12	Q	12	709
731	767	288392	376	731	5	2	2	5	6	767	731	7	731	5	2	2	5	6	767	5	5	2	2	2	2	5	5	6	6	669
40	826	311402	377	40	5	3	5	3	A	826	40	7	40	5	3	5	3	A	826	5	5	3	3	5	5	3	3	A	14	662
355	975	368550	378	355	5	4	4	6	5	975	355	7	355	5	4	4	6	5	975	5	5	4	4	4	4	6	6	5	5	658
282	864	327456	379	282	5	4	5	A	A	864	282	7	282	5	4	5	A	A	864	5	5	4	4	5	5	A	14	A	14	657
661	684	259920	380	661	5	4	8	8	5	684	661	7	661	5	4	8	8	5	684	5	5	4	4	8	8	8	8	5	5	655
328	703	267843	381	328	5	5	T	K	T	703	328	7	328	5	5	T	K	T	703	5	5	5	5	T	10	K	13	T	10	635
676	273	104286	382	676	5	5	T	A	A	273	676	7	676	5	5	T	A	A	273	5	5	5	5	T	10	A	14	A	14	634
666	810	310230	383	666	5	7	5	2	2	810	666	7	666	5	7	5	2	2	810	5	5	7	7	5	5	2	2	2	2	626
828	558	214272	384	828	5	8	8	3	5	558	828	7	828	5	8	8	3	5	558	5	5	8	8	8	8	3	3	5	5	621
13	281	108185	385	13	5	9	T	9	5	281	13	7	13	5	9	T	9	5	281	5	5	9	9	T	10	9	9	5	5	615
625	689	265954	386	625	5	T	5	T	2	689	625	7	625	5	T	5	T	2	689	5	5	T	10	5	5	T	10	2	2	613
156	147	56889	387	156	5	T	7	7	T	147	156	7	156	5	T	7	7	T	147	5	5	T	10	7	7	7	7	T	10	612
349	119	46172	388	349	5	K	8	5	K	119	349	7	349	5	K	8	5	K	119	5	5	K	13	8	8	5	5	K	13	601
162	304	118256	389	162	5	K	9	K	9	304	162	7	162	5	K	9	K	9	304	5	5	K	13	9	9	K	13	9	9	600
985	827	322530	390	985	6	6	3	3	9	827	985	7	985	6	6	3	3	9	827	6	6	6	6	3	3	3	3	9	9	574
144	354	138414	391	144	6	7	7	8	8	354	144	7	144	6	7	7	8	8	354	6	6	7	7	7	7	8	8	8	8	555
951	309	121128	392	951	6	T	6	3	T	309	951	7	951	6	T	6	3	T	309	6	6	T	10	6	6	3	3	T	10	547
52	43	16899	393	52	6	T	6	7	7	43	52	7	52	6	T	6	7	7	43	6	6	T	10	6	6	7	7	7	7	546
49	489	192666	394	49	6	T	6	9	T	489	49	7	49	6	T	6	9	T	489	6	6	T	10	6	6	9	9	T	10	545
62	201	79395	395	62	6	Q	3	3	Q	201	62	7	62	6	Q	3	3	Q	201	6	6	Q	12	3	3	3	3	Q	12	541
645	959	379764	396	645	6	A	6	T	A	959	645	7	645	6	A	6	T	A	959	6	6	A	14	6	6	T	10	A	14	530
642	712	282664	397	642	7	3	3	7	2	712	642	7	642	7	3	3	7	2	712	7	7	3	3	3	3	7	7	2	2	517
359	481	191438	398	359	7	4	4	3	3	481	359	7	359	7	4	4	3	3	481	7	7	4	4	4	4	3	3	3	3	511
900	140	55860	399	900	7	T	7	K	T	140	900	7	900	7	T	7	K	T	140	7	7	T	10	7	7	K	13	T	10	477
759	823	329200	400	759	7	A	7	6	A	823	759	7	759	7	A	7	6	A	823	7	7	A	14	7	7	6	6	A	14	467
743	120	48120	401	743	8	3	8	3	A	120	743	7	743	8	3	8	3	A	120	8	8	3	3	8	8	3	3	A	14	451
847	628	252456	402	847	8	4	8	Q	4	628	847	7	847	8	4	8	Q	4	628	8	8	4	4	8	8	Q	12	4	4	448
850	520	209560	403	850	8	5	3	5	3	520	850	7	850	8	5	3	5	3	520	8	8	5	5	3	3	5	5	3	3	445
898	727	293708	404	898	8	6	8	4	4	727	898	7	898	8	6	8	4	4	727	8	8	6	6	8	8	4	4	4	4	438
429	469	189945	405	429	8	7	5	5	8	469	429	7	429	8	7	5	5	8	469	8	8	7	7	5	5	5	5	8	8	437
658	642	260652	406	658	8	8	6	K	6	642	658	7	658	8	8	6	K	6	642	8	8	8	8	6	6	K	13	6	6	428
291	403	164021	407	291	8	8	7	3	3	403	291	7	291	8	8	7	3	3	403	8	8	8	8	7	7	3	3	3	3	427
308	126	51408	408	308	8	K	T	8	K	126	308	7	308	8	K	T	8	K	126	8	8	K	13	T	10	8	8	K	13	403
961	700	286300	409	961	9	3	7	3	7	700	961	7	961	9	3	7	3	7	700	9	9	3	3	7	7	3	3	7	7	383
260	643	263630	410	260	9	4	6	4	6	643	260	7	260	9	4	6	4	6	643	9	9	4	4	6	6	4	4	6	6	376
647	757	311127	411	647	9	5	T	9	T	757	647	7	647	9	5	T	9	T	757	9	9	5	5	T	10	9	9	T	10	368
379	997	410764	412	379	9	6	Q	6	Q	997	379	7	379	9	6	Q	6	Q	997	9	9	6	6	Q	12	6	6	Q	12	359
127	944	389872	413	127	9	6	Q	9	6	944	127	7	127	9	6	Q	9	6	944	9	9	6	6	Q	12	9	9	6	6	358
835	138	57132	414	835	9	9	2	K	K	138	835	7	835	9	9	2	K	K	138	9	9	9	9	2	2	K	13	K	13	344
273	762	316230	415	273	9	9	7	7	3	762	273	7	273	9	9	7	7	3	762	9	9	9	9	7	7	7	7	3	3	340
686	336	139776	416	686	9	9	T	6	6	336	686	7	686	9	9	T	6	6	336	9	9	9	9	T	10	6	6	6	6	333
145	360	150120	417	145	9	T	6	T	9	360	145	7	145	9	T	6	T	9	360	9	9	T	10	6	6	T	10	9	9	330
428	819	342342	418	428	9	K	7	7	K	819	428	7	428	9	K	7	7	K	819	9	9	K	13	7	7	7	7	K	13	320
296	479	200701	419	296	T	6	T	6	4	479	296	7	296	T	6	T	6	4	479	T	10	6	6	T	10	6	6	4	4	290
808	58	24360	420	808	T	7	Q	7	Q	58	808	7	808	T	7	Q	7	Q	58	T	10	7	7	Q	12	7	7	Q	12	279
517	139	58519	421	517	T	9	9	7	T	139	517	7	517	T	9	9	7	T	139	T	10	9	9	9	9	7	7	T	10	274
916	563	237586	422	916	T	T	Q	Q	9	563	916	7	916	T	T	Q	Q	9	563	T	10	T	10	Q	12	Q	12	9	9	255
126	910	384930	423	126	T	A	3	3	T	910	126	7	126	T	A	3	3	T	910	T	10	A	14	3	3	3	3	T	10	245
176	242	102608	424	176	T	A	6	T	6	242	176	7	176	T	A	6	T	6	242	T	10	A	14	6	6	T	10	6	6	244
724	965	410125	425	724	Q	2	2	Q	A	965	724	7	724	Q	2	2	Q	A	965	Q	12	2	2	2	2	Q	12	A	14	237
790	660	281160	426	790	Q	7	7	4	4	660	790	7	790	Q	7	7	4	4	660	Q	12	7	7	7	7	4	4	4	4	213
322	5	2135	427	322	Q	T	9	T	9	5	322	7	322	Q	T	9	T	9	5	Q	12	T	10	9	9	T	10	9	9	198
605	296	126688	428	605	Q	T	T	Q	A	296	605	7	605	Q	T	T	Q	A	296	Q	12	T	10	T	10	Q	12	A	14	197
524	582	249678	429	524	K	3	3	K	5	582	524	7	524	K	3	3	K	5	582	K	13	3	3	3	3	K	13	5	5	169
345	612	263160	430	345	K	3	8	3	K	612	345	7	345	K	3	8	3	K	612	K	13	3	3	8	8	3	3	K	13	168
10	2	862	431	10	K	5	8	8	K	2	10	7	10	K	5	8	8	K	2	K	13	5	5	8	8	8	8	K	13	158
758	179	77328	432	758	K	6	7	K	6	179	758	7	758	K	6	7	K	6	179	K	13	6	6	7	7	K	13	6	6	152
502	535	231655	433	502	K	6	A	6	A	535	502	7	502	K	6	A	6	A	535	K	13	6	6	A	14	6	6	A	14	149
732	133	57722	434	732	K	T	K	A	A	133	732	7	732	K	T	K	A	A	133	K	13	T	10	K	13	A	14	A	14	130
334	465	202275	435	334	K	K	2	2	4	465	334	7	334	K	K	2	2	4	465	K	13	K	13	2	2	2	2	4	4	125
284	566	246776	436	284	K	K	6	7	7	566	284	7	284	K	K	6	7	7	566	K	13	K	13	6	6	7	7	7	7	122
748	885	386745	437	748	K	A	A	4	4	885	748	7	748	K	A	A	4	4	885	K	13	A	14	A	14	4	4	4	4	102
739	301	131838	438	739	A	4	6	4	6	301	739	7	739	A	4	6	4	6	301	A	14	4	4	6	6	4	4	6	6	79
669	30	13170	439	669	A	4	6	A	6	30	669	7	669	A	4	6	A	6	30	A	14	4	4	6	6	A	14	6	6	78
186	271	119240	440	186	A	4	A	2	4	271	186	7	186	A	4	A	2	4	271	A	14	4	4	A	14	2	2	4	4	75
326	419	184779	441	326	A	5	Q	A	Q	419	326	7	326	A	5	Q	A	Q	419	A	14	5	5	Q	12	A	14	Q	12	70
98	72	31824	442	98	A	5	K	5	K	72	98	7	98	A	5	K	5	K	72	A	14	5	5	K	13	5	5	K	13	69
599	788	349084	443	599	A	K	2	K	A	788	599	7	599	A	K	2	K	A	788	A	14	K	13	2	2	K	13	A	14	32
416	144	63936	444	416	A	A	3	3	T	144	416	7	416	A	A	3	3	T	144	A	14	A	14	3	3	3	3	T	10	21
5	94	41830	445	5	A	A	7	7	K	94	5	7	5	A	A	7	7	K	94	A	14	A	14	7	7	7	7	K	13	14
350	477	212742	446	350	A	A	7	T	T	477	350	7	350	A	A	7	T	T	477	A	14	A	14	7	7	T	10	T	10	12
677	751	335697	447	677	A	A	8	2	2	751	677	7	677	A	A	8	2	2	751	A	14	A	14	8	8	2	2	2	2	9
259	7	3136	448	259	J	J	A	T	8	7	259	9	259	J	J	A	T	8	7	J	1	J	1	A	14	T	10	8	8	993
633	22	9878	449	633	J	2	J	T	A	22	633	9	633	J	2	J	T	A	22	J	1	2	2	J	1	T	10	A	14	992
805	943	424350	450	805	J	2	4	2	Q	943	805	9	805	J	2	4	2	Q	943	J	1	2	2	4	4	2	2	Q	12	991
814	952	429352	451	814	J	2	6	2	3	952	814	9	814	J	2	6	2	3	952	J	1	2	2	6	6	2	2	3	3	990
528	887	400924	452	528	J	2	7	9	2	887	528	9	528	J	2	7	9	2	887	J	1	2	2	7	7	9	9	2	2	988
824	158	71574	453	824	J	3	3	6	2	158	824	9	824	J	3	3	6	2	158	J	1	3	3	3	3	6	6	2	2	985
719	338	153452	454	719	J	3	4	K	K	338	719	9	719	J	3	4	K	K	338	J	1	3	3	4	4	K	13	K	13	984
165	485	220675	455	165	J	4	4	7	Q	485	165	9	165	J	4	4	7	Q	485	J	1	4	4	4	4	7	7	Q	12	982
553	651	296856	456	553	J	4	K	A	K	651	553	9	553	J	4	K	A	K	651	J	1	4	4	K	13	A	14	K	13	979
194	971	443747	457	194	J	4	A	J	6	971	194	9	194	J	4	A	J	6	971	J	1	4	4	A	14	J	1	6	6	978
150	136	62288	458	150	J	5	2	8	5	136	150	9	150	J	5	2	8	5	136	J	1	5	5	2	2	8	8	5	5	977
413	288	132192	459	413	J	6	6	K	7	288	413	9	413	J	6	6	K	7	288	J	1	6	6	6	6	K	13	7	7	965
39	223	102580	460	39	J	6	T	2	T	223	39	9	39	J	6	T	2	T	223	J	1	6	6	T	10	2	2	T	10	964
595	960	442560	461	595	J	7	4	7	K	960	595	9	595	J	7	4	7	K	960	J	1	7	7	4	4	7	7	K	13	962
55	274	126588	462	55	J	7	5	7	9	274	55	9	55	J	7	5	7	9	274	J	1	7	7	5	5	7	7	9	9	961
363	932	431516	463	363	J	8	J	T	6	932	363	9	363	J	8	J	T	6	932	J	1	8	8	J	1	T	10	6	6	958
239	151	70064	464	239	J	8	4	4	3	151	239	9	239	J	8	4	4	3	151	J	1	8	8	4	4	4	4	3	3	955
624	856	398040	465	624	J	8	Q	9	Q	856	624	9	624	J	8	Q	9	Q	856	J	1	8	8	Q	12	9	9	Q	12	952
742	529	246514	466	742	J	9	3	Q	9	529	742	9	742	J	9	3	Q	9	529	J	1	9	9	3	3	Q	12	9	9	951
210	988	461396	467	210	J	9	4	J	2	988	210	9	210	J	9	4	J	2	988	J	1	9	9	4	4	J	1	2	2	950
960	681	318708	468	960	J	9	Q	9	2	681	960	9	960	J	9	Q	9	2	681	J	1	9	9	Q	12	9	9	2	2	947
543	339	158991	469	543	J	9	Q	T	Q	339	543	9	543	J	9	Q	T	Q	339	J	1	9	9	Q	12	T	10	Q	12	946
673	166	78020	470	673	J	T	5	J	A	166	673	9	673	J	T	5	J	A	166	J	1	T	10	5	5	J	1	A	14	945
989	907	427197	471	989	J	T	7	4	4	907	989	9	989	J	T	7	4	4	907	J	1	T	10	7	7	4	4	4	4	944
479	866	408752	472	479	J	T	K	T	Q	866	479	9	479	J	T	K	T	Q	866	J	1	T	10	K	13	T	10	Q	12	943
630	738	349074	473	630	J	Q	4	J	K	738	630	9	630	J	Q	4	J	K	738	J	1	Q	12	4	4	J	1	K	13	941
164	769	364506	474	164	J	Q	8	2	8	769	164	9	164	J	Q	8	2	8	769	J	1	Q	12	8	8	2	2	8	8	940
189	811	385225	475	189	J	K	3	6	6	811	189	9	189	J	K	3	6	6	811	J	1	K	13	3	3	6	6	6	6	936
325	933	444108	476	325	J	K	K	3	T	933	325	9	325	J	K	K	3	T	933	J	1	K	13	K	13	3	3	T	10	933
124	194	92538	477	124	J	A	2	5	5	194	124	9	124	J	A	2	5	5	194	J	1	A	14	2	2	5	5	5	5	931
496	12	5736	478	496	J	A	3	J	8	12	496	9	496	J	A	3	J	8	12	J	1	A	14	3	3	J	1	8	8	930
467	704	337216	479	467	J	A	6	9	9	704	467	9	467	J	A	6	9	9	704	J	1	A	14	6	6	9	9	9	9	927
878	86	41280	480	878	J	A	A	9	2	86	878	9	878	J	A	A	9	2	86	J	1	A	14	A	14	9	9	2	2	922
289	645	310245	481	289	2	J	6	5	5	645	289	9	289	2	J	6	5	5	645	2	2	J	1	6	6	5	5	5	5	918
698	699	336918	482	698	2	J	7	5	7	699	698	9	698	2	J	7	5	7	699	2	2	J	1	7	7	5	5	7	7	916
919	496	239568	483	919	2	2	4	A	2	496	919	9	919	2	2	4	A	2	496	2	2	2	2	4	4	A	14	2	2	904
745	258	124872	484	745	2	2	7	2	Q	258	745	9	745	2	2	7	2	Q	258	2	2	2	2	7	7	2	2	Q	12	897
575	781	378785	485	575	2	5	2	2	3	781	575	9	575	2	5	2	2	3	781	2	2	5	5	2	2	2	2	3	3	883
257	373	181278	486	257	2	6	2	J	A	373	257	9	257	2	6	2	J	A	373	2	2	6	6	2	2	J	1	A	14	878
286	142	69154	487	286	2	6	2	2	9	142	286	9	286	2	6	2	2	9	142	2	2	6	6	2	2	2	2	9	9	877
897	848	413824	488	897	2	6	9	9	9	848	897	9	897	2	6	9	9	9	848	2	2	6	6	9	9	9	9	9	9	873
922	418	204402	489	922	2	6	T	T	T	418	922	9	922	2	6	T	T	T	418	2	2	6	6	T	10	T	10	T	10	872
67	397	194530	490	67	2	7	7	7	A	397	67	9	67	2	7	7	7	A	397	2	2	7	7	7	7	7	7	A	14	869
139	6	2946	491	139	2	8	2	J	5	6	139	9	139	2	8	2	J	5	6	2	2	8	8	2	2	J	1	5	5	868
747	835	410820	492	747	2	8	8	J	3	835	747	9	747	2	8	8	J	3	835	2	2	8	8	8	8	J	1	3	3	866
94	317	156281	493	94	2	9	A	9	9	317	94	9	94	2	9	A	9	9	317	2	2	9	9	A	14	9	9	9	9	853
851	882	435708	494	851	2	T	T	T	9	882	851	9	851	2	T	T	T	9	882	2	2	T	10	T	10	T	10	9	9	851
59	957	473715	495	59	2	K	Q	Q	J	957	59	9	59	2	K	Q	Q	J	957	2	2	K	13	Q	12	Q	12	J	1	843
84	828	410688	496	84	3	J	8	T	T	828	84	9	84	3	J	8	T	T	828	3	3	J	1	8	8	T	10	T	10	831
601	892	443324	497	601	3	J	T	4	4	892	601	9	601	3	J	T	4	4	892	3	3	J	1	T	10	4	4	4	4	829
4	630	313740	498	4	3	J	K	Q	K	630	4	9	4	3	J	K	Q	K	630	3	3	J	1	K	13	Q	12	K	13	828
939	168	83832	499	939	3	3	K	3	8	168	939	9	939	3	3	K	3	8	168	3	3	3	3	K	13	3	3	8	8	818
811	215	107500	500	811	3	3	K	A	J	215	811	9	811	3	3	K	A	J	215	3	3	3	3	K	13	A	14	J	1	817
638	85	42585	501	638	3	4	4	9	4	85	638	9	638	3	4	4	9	4	85	3	3	4	4	4	4	9	9	4	4	815
437	617	309734	502	437	3	7	3	9	3	617	437	9	437	3	7	3	9	3	617	3	3	7	7	3	3	9	9	3	3	808
525	152	76456	503	525	3	8	Q	3	J	152	525	9	525	3	8	Q	3	J	152	3	3	8	8	Q	12	3	3	J	1	800
119	869	437976	504	119	3	T	3	A	3	869	119	9	119	3	T	3	A	3	869	3	3	T	10	3	3	A	14	3	3	795
806	231	116655	505	806	3	Q	Q	9	Q	231	806	9	806	3	Q	Q	9	Q	231	3	3	Q	12	Q	12	9	9	Q	12	788
620	468	236808	506	620	3	Q	A	J	J	468	620	9	620	3	Q	A	J	J	468	3	3	Q	12	A	14	J	1	J	1	787
258	898	455286	507	258	3	K	3	7	J	898	258	9	258	3	K	3	7	J	898	3	3	K	13	3	3	7	7	J	1	785
993	537	272796	508	993	3	K	4	J	4	537	993	9	993	3	K	4	J	4	537	3	3	K	13	4	4	J	1	4	4	784
26	221	112489	509	26	3	K	K	T	K	221	26	9	26	3	K	K	T	K	221	3	3	K	13	K	13	T	10	K	13	778
135	935	476850	510	135	3	K	K	K	9	935	135	9	135	3	K	K	K	9	935	3	3	K	13	K	13	K	13	9	9	777
133	259	132349	511	133	3	A	5	3	J	259	133	9	133	3	A	5	3	J	259	3	3	A	14	5	5	3	3	J	1	776
351	320	163840	512	351	4	J	4	9	T	320	351	9	351	4	J	4	9	T	320	4	4	J	1	4	4	9	9	T	10	770
411	263	134919	513	411	4	J	T	9	J	263	411	9	411	4	J	T	9	J	263	4	4	J	1	T	10	9	9	J	1	769
608	551	283214	514	608	4	J	Q	A	Q	551	608	9	608	4	J	Q	A	Q	551	4	4	J	1	Q	12	A	14	Q	12	768
756	725	373375	515	756	4	J	A	8	8	725	756	9	756	4	J	A	8	8	725	4	4	J	1	A	14	8	8	8	8	766
130	381	196596	516	130	4	3	4	6	4	381	130	9	130	4	3	4	6	4	381	4	4	3	3	4	4	6	6	4	4	760
380	241	124597	517	380	4	4	J	K	2	241	380	9	380	4	4	J	K	2	241	4	4	4	4	J	1	K	13	2	2	758
798	655	339290	518	798	4	4	2	4	8	655	798	9	798	4	4	2	4	8	655	4	4	4	4	2	2	4	4	8	8	755
591	290	150510	519	591	4	4	2	4	A	290	591	9	591	4	4	2	4	A	290	4	4	4	4	2	2	4	4	A	14	754
702	602	313040	520	702	4	4	3	8	4	602	702	9	702	4	4	3	8	4	602	4	4	4	4	3	3	8	8	4	4	752
116	388	202148	521	116	4	4	4	K	Q	388	116	9	116	4	4	4	K	Q	388	4	4	4	4	4	4	K	13	Q	12	744
270	557	290754	522	270	4	4	A	7	J	557	270	9	270	4	4	A	7	J	557	4	4	4	4	A	14	7	7	J	1	736
118	131	68513	523	118	4	5	A	J	5	131	118	9	118	4	5	A	J	5	131	4	4	5	5	A	14	J	1	5	5	732
100	307	160868	524	100	4	6	7	4	4	307	100	9	100	4	6	7	4	4	307	4	4	6	6	7	7	4	4	4	4	726
360	534	280350	525	360	4	7	J	Q	Q	534	360	9	360	4	7	J	Q	Q	534	4	4	7	7	J	1	Q	12	Q	12	720
672	272	143072	526	672	4	7	4	2	4	272	672	9	672	4	7	4	2	4	272	4	4	7	7	4	4	2	2	4	4	719
819	618	325686	527	819	4	7	7	K	7	618	819	9	819	4	7	7	K	7	618	4	4	7	7	7	7	K	13	7	7	717
439	844	445632	528	439	4	7	7	A	7	844	439	9	439	4	7	7	A	7	844	4	4	7	7	7	7	A	14	7	7	716
81	967	511543	529	81	4	7	8	J	8	967	81	9	81	4	7	8	J	8	967	4	4	7	7	8	8	J	1	8	8	715
978	392	207760	530	978	4	8	2	2	2	392	978	9	978	4	8	2	2	2	392	4	4	8	8	2	2	2	2	2	2	712
280	909	482679	531	280	4	8	5	4	4	909	280	9	280	4	8	5	4	4	909	4	4	8	8	5	5	4	4	4	4	708
716	287	152684	532	716	4	9	T	9	9	287	716	9	716	4	9	T	9	9	287	4	4	9	9	T	10	9	9	9	9	700
831	154	82082	533	831	4	T	3	J	3	154	831	9	831	4	T	3	J	3	154	4	4	T	10	3	3	J	1	3	3	696
471	428	228552	534	471	4	T	T	T	K	428	471	9	471	4	T	T	T	K	428	4	4	T	10	T	10	T	10	K	13	691
664	716	383060	535	664	4	Q	J	K	K	716	664	9	664	4	Q	J	K	K	716	4	4	Q	12	J	1	K	13	K	13	689
50	705	377880	536	50	4	Q	2	2	2	705	50	9	50	4	Q	2	2	2	705	4	4	Q	12	2	2	2	2	2	2	688
138	49	26313	537	138	4	Q	K	Q	Q	49	138	9	138	4	Q	K	Q	Q	49	4	4	Q	12	K	13	Q	12	Q	12	686
393	182	97916	538	393	4	A	3	J	3	182	393	9	393	4	A	3	J	3	182	4	4	A	14	3	3	J	1	3	3	681
701	308	166012	539	701	4	A	K	4	J	308	701	9	701	4	A	K	4	J	308	4	4	A	14	K	13	4	4	J	1	677
969	21	11340	540	969	5	J	A	9	9	21	969	9	969	5	J	A	9	9	21	5	5	J	1	A	14	9	9	9	9	671
465	787	425767	541	465	5	2	6	6	J	787	465	9	465	5	2	6	6	J	787	5	5	2	2	6	6	6	6	J	1	668
283	648	351216	542	283	5	3	3	3	K	648	283	9	283	5	3	3	3	K	648	5	5	3	3	3	3	3	3	K	13	666
297	589	319827	543	297	5	3	3	6	3	589	297	9	297	5	3	3	6	3	589	5	5	3	3	3	3	6	6	3	3	665
533	233	126752	544	533	5	3	A	5	5	233	533	9	533	5	3	A	5	5	233	5	5	3	3	A	14	5	5	5	5	661
799	949	517205	545	799	5	5	J	9	A	949	799	9	799	5	5	J	9	A	949	5	5	5	5	J	1	9	9	A	14	652
448	114	62244	546	448	5	5	2	5	T	114	448	9	448	5	5	2	5	T	114	5	5	5	5	2	2	5	5	T	10	650
778	512	280064	547	778	5	5	3	J	T	512	778	9	778	5	5	3	J	T	512	5	5	5	5	3	3	J	1	T	10	649
303	318	174264	548	303	5	5	7	J	9	318	303	9	303	5	5	7	J	9	318	5	5	5	5	7	7	J	1	9	9	639
741	35	19215	549	741	5	5	7	5	2	35	741	9	741	5	5	7	5	2	35	5	5	5	5	7	7	5	5	2	2	638
863	169	92950	550	863	5	5	8	3	5	169	863	9	863	5	5	8	3	5	169	5	5	5	5	8	8	3	3	5	5	637
578	333	183483	551	578	5	5	9	A	5	333	578	9	578	5	5	9	A	5	333	5	5	5	5	9	9	A	14	5	5	636
612	312	172224	552	612	5	6	5	5	T	312	612	9	612	5	6	5	5	T	312	5	5	6	6	5	5	5	5	T	10	631
157	325	179725	553	157	5	8	3	3	3	325	157	9	157	5	8	3	3	3	325	5	5	8	8	3	3	3	3	3	3	622
331	192	106368	554	331	5	T	T	9	T	192	331	9	331	5	T	T	9	T	192	5	5	T	10	T	10	9	9	T	10	611
882	546	303030	555	882	5	Q	Q	8	Q	546	882	9	882	5	Q	Q	8	Q	546	5	5	Q	12	Q	12	8	8	Q	12	607
237	99	55044	556	237	5	K	3	K	K	99	237	9	237	5	K	3	K	K	99	5	5	K	13	3	3	K	13	K	13	603
134	303	168771	557	134	5	A	5	Q	5	303	134	9	134	5	A	5	Q	5	303	5	5	A	14	5	5	Q	12	5	5	598
795	190	106020	558	795	5	A	A	A	3	190	795	9	795	5	A	A	A	3	190	5	5	A	14	A	14	A	14	3	3	595
54	322	179998	559	54	6	J	A	3	3	322	54	9	54	6	J	A	3	3	322	6	6	J	1	A	14	3	3	3	3	590
254	122	68320	560	254	6	2	4	6	6	122	254	9	254	6	2	4	6	6	122	6	6	2	2	4	4	6	6	6	6	587
385	204	114444	561	385	6	3	3	9	3	204	385	9	385	6	3	3	9	3	204	6	6	3	3	3	3	9	9	3	3	585
161	708	397896	562	161	6	6	2	9	6	708	161	9	161	6	6	2	9	6	708	6	6	6	6	2	2	9	9	6	6	575
185	129	72627	563	185	6	6	6	K	A	129	185	9	185	6	6	6	K	A	129	6	6	6	6	6	6	K	13	A	14	569
826	868	489552	564	826	6	6	8	6	9	868	826	9	826	6	6	8	6	9	868	6	6	6	6	8	8	6	6	9	9	567
483	74	41810	565	483	6	7	7	5	7	74	483	9	483	6	7	7	5	7	74	6	6	7	7	7	7	5	5	7	7	556
530	758	429028	566	530	6	7	7	Q	7	758	530	9	530	6	7	7	Q	7	758	6	6	7	7	7	7	Q	12	7	7	554
955	985	558495	567	955	6	8	8	5	8	985	955	9	955	6	8	8	5	8	985	6	6	8	8	8	8	5	5	8	8	552
623	799	453832	568	623	6	Q	6	6	7	799	623	9	623	6	Q	6	6	7	799	6	6	Q	12	6	6	6	6	7	7	538
321	938	533722	569	321	6	Q	Q	Q	5	938	321	9	321	6	Q	Q	Q	5	938	6	6	Q	12	Q	12	Q	12	5	5	536
857	665	379050	570	857	6	Q	Q	Q	9	665	857	9	857	6	Q	Q	Q	9	665	6	6	Q	12	Q	12	Q	12	9	9	535
16	859	490489	571	16	6	K	2	J	2	859	16	9	16	6	K	2	J	2	859	6	6	K	13	2	2	J	1	2	2	533
834	254	145288	572	834	6	K	K	Q	K	254	834	9	834	6	K	K	Q	K	254	6	6	K	13	K	13	Q	12	K	13	532
948	141	80793	573	948	7	J	J	3	Q	141	948	9	948	7	J	J	3	Q	141	7	7	J	1	J	1	3	3	Q	12	529
810	377	216398	574	810	7	J	T	9	7	377	810	9	810	7	J	T	9	7	377	7	7	J	1	T	10	9	9	7	7	525
315	506	290950	575	315	7	3	7	K	7	506	315	9	315	7	3	7	K	7	506	7	7	3	3	7	7	K	13	7	7	515
648	421	242496	576	648	7	3	T	T	J	421	648	9	648	7	3	T	T	J	421	7	7	3	3	T	10	T	10	J	1	514
753	252	145404	577	753	7	3	A	3	3	252	753	9	753	7	3	A	3	3	252	7	7	3	3	A	14	3	3	3	3	513
841	536	309808	578	841	7	4	J	7	6	536	841	9	841	7	4	J	7	6	536	7	7	4	4	J	1	7	7	6	6	512
340	400	231600	579	340	7	7	3	7	8	400	340	9	340	7	7	3	7	8	400	7	7	7	7	3	3	7	7	8	8	503
70	674	390920	580	70	7	7	5	4	7	674	70	9	70	7	7	5	4	7	674	7	7	7	7	5	5	4	4	7	7	502
433	958	556598	581	433	7	7	7	2	4	958	433	9	433	7	7	7	2	4	958	7	7	7	7	7	7	2	2	4	4	501
949	286	166452	582	949	7	7	7	6	4	286	949	9	949	7	7	7	6	4	286	7	7	7	7	7	7	6	6	4	4	500
562	33	19239	583	562	7	7	7	8	9	33	562	9	562	7	7	7	8	9	33	7	7	7	7	7	7	8	8	9	9	496
234	389	227176	584	234	7	7	7	K	8	389	234	9	234	7	7	7	K	8	389	7	7	7	7	7	7	K	13	8	8	494
782	914	534690	585	782	7	7	7	A	3	914	782	9	782	7	7	7	A	3	914	7	7	7	7	7	7	A	14	3	3	493
935	153	89658	586	935	7	7	T	6	7	153	935	9	935	7	7	T	6	7	153	7	7	7	7	T	10	6	6	7	7	491
703	159	93333	587	703	7	7	Q	8	J	159	703	9	703	7	7	Q	8	J	159	7	7	7	7	Q	12	8	8	J	1	490
34	829	487452	588	34	7	7	A	K	J	829	34	9	34	7	7	A	K	J	829	7	7	7	7	A	14	K	13	J	1	488
22	718	422902	589	22	7	T	Q	Q	Q	718	22	9	22	7	T	Q	Q	Q	718	7	7	T	10	Q	12	Q	12	Q	12	476
213	236	139240	590	213	7	K	7	7	2	236	213	9	213	7	K	7	7	2	236	7	7	K	13	7	7	7	7	2	2	470
272	968	572088	591	272	8	J	2	4	8	968	272	9	272	8	J	2	4	8	968	8	8	J	1	2	2	4	4	8	8	465
120	577	341584	592	120	8	J	9	8	K	577	120	9	120	8	J	9	8	K	577	8	8	J	1	9	9	8	8	K	13	459
294	188	111484	593	294	8	J	Q	Q	7	188	294	9	294	8	J	Q	Q	7	188	8	8	J	1	Q	12	Q	12	7	7	458
329	927	550638	594	329	8	2	2	K	2	927	329	9	329	8	2	2	K	2	927	8	8	2	2	2	2	K	13	2	2	457
535	29	17255	595	535	8	2	Q	8	8	29	535	9	535	8	2	Q	8	8	29	8	8	2	2	Q	12	8	8	8	8	455
174	586	349256	596	174	8	4	6	J	8	586	174	9	174	8	4	6	J	8	586	8	8	4	4	6	6	J	1	8	8	450
836	382	228054	597	836	8	5	5	J	K	382	836	9	836	8	5	5	J	K	382	8	8	5	5	5	5	J	1	K	13	444
657	990	592020	598	657	8	5	5	Q	5	990	657	9	657	8	5	5	Q	5	990	8	8	5	5	5	5	Q	12	5	5	443
38	780	467220	599	38	8	7	7	2	7	780	38	9	38	8	7	7	2	7	780	8	8	7	7	7	7	2	2	7	7	436
438	96	57600	600	438	8	8	7	8	Q	96	438	9	438	8	8	7	8	Q	96	8	8	8	8	7	7	8	8	Q	12	425
177	518	311318	601	177	8	8	8	4	6	518	177	9	177	8	8	8	4	6	518	8	8	8	8	8	8	4	4	6	6	424
695	211	127022	602	695	8	8	9	5	J	211	695	9	695	8	8	9	5	J	211	8	8	8	8	9	9	5	5	J	1	421
409	14	8442	603	409	8	8	A	K	8	14	409	9	409	8	8	A	K	8	14	8	8	8	8	A	14	K	13	8	8	419
779	790	477160	604	779	8	9	5	9	J	790	779	9	779	8	9	5	9	J	790	8	8	9	9	5	5	9	9	J	1	418
171	280	169400	605	171	8	T	3	J	3	280	171	9	171	8	T	3	J	3	280	8	8	T	10	3	3	J	1	3	3	417
681	300	181800	606	681	8	T	T	T	2	300	681	9	681	8	T	T	T	2	300	8	8	T	10	T	10	T	10	2	2	412
700	191	115937	607	700	8	K	9	K	K	191	700	9	700	8	K	9	K	K	191	8	8	K	13	9	9	K	13	K	13	404
537	104	63232	608	537	9	J	7	J	2	104	537	9	537	9	J	7	J	2	104	9	9	J	1	7	7	J	1	2	2	396
374	659	401331	609	374	9	J	9	8	Q	659	374	9	374	9	J	9	8	Q	659	9	9	J	1	9	9	8	8	Q	12	395
994	791	482510	610	994	9	J	Q	Q	3	791	994	9	994	9	J	Q	Q	3	791	9	9	J	1	Q	12	Q	12	3	3	394
406	463	282893	611	406	9	3	9	4	9	463	406	9	406	9	3	9	4	9	463	9	9	3	3	9	9	4	4	9	9	381
80	163	99756	612	80	9	4	5	5	5	163	80	9	80	9	4	5	5	5	163	9	9	4	4	5	5	5	5	5	5	378
32	353	216389	613	32	9	5	7	7	7	353	32	9	32	9	5	7	7	7	353	9	9	5	5	7	7	7	7	7	7	371
86	368	225952	614	86	9	5	K	5	5	368	86	9	86	9	5	K	5	5	368	9	9	5	5	K	13	5	5	5	5	367
568	110	67650	615	568	9	6	J	9	8	110	568	9	568	9	6	J	9	8	110	9	9	6	6	J	1	9	9	8	8	363
629	15	9240	616	629	9	6	6	6	K	15	629	9	629	9	6	6	6	K	15	9	9	6	6	6	6	6	6	K	13	362
684	19	11723	617	684	9	8	8	8	5	19	684	9	684	9	8	8	8	5	19	9	9	8	8	8	8	8	8	5	5	352
405	87	53766	618	405	9	8	9	9	T	87	405	9	405	9	8	9	9	T	87	9	9	8	8	9	9	9	9	T	10	349
399	976	604144	619	399	9	8	K	8	8	976	399	9	399	9	8	K	8	8	976	9	9	8	8	K	13	8	8	8	8	348
546	662	410440	620	546	9	9	J	T	K	662	546	9	546	9	9	J	T	K	662	9	9	9	9	J	1	T	10	K	13	345
577	262	162702	621	577	9	9	3	9	8	262	577	9	577	9	9	3	9	8	262	9	9	9	9	3	3	9	9	8	8	343
515	251	156122	622	515	9	9	7	9	T	251	515	9	515	9	9	7	9	T	251	9	9	9	9	7	7	9	9	T	10	339
833	803	500269	623	833	9	9	9	3	2	803	833	9	833	9	9	9	3	2	803	9	9	9	9	9	9	3	3	2	2	337
158	79	49296	624	158	9	T	7	J	J	79	158	9	158	9	T	7	J	J	79	9	9	T	10	7	7	J	1	J	1	329
665	423	264375	625	665	9	K	4	J	K	423	665	9	665	9	K	4	J	K	423	9	9	K	13	4	4	J	1	K	13	322
899	897	561522	626	899	9	A	9	J	3	897	899	9	899	9	A	9	J	3	897	9	9	A	14	9	9	J	1	3	3	315
242	571	358017	627	242	T	J	7	8	7	571	242	9	242	T	J	7	8	7	571	T	10	J	1	7	7	8	8	7	7	312
569	279	175212	628	569	T	J	9	K	T	279	569	9	569	T	J	9	K	T	279	T	10	J	1	9	9	K	13	T	10	311
668	863	542827	629	668	T	2	J	2	3	863	668	9	668	T	2	J	2	3	863	T	10	2	2	J	1	2	2	3	3	308
498	478	301140	630	498	T	2	4	T	T	478	498	9	498	T	2	4	T	T	478	T	10	2	2	4	4	T	10	T	10	307
804	48	30288	631	804	T	2	T	K	J	48	804	9	804	T	2	T	K	J	48	T	10	2	2	T	10	K	13	J	1	305
292	895	565640	632	292	T	4	J	J	K	895	292	9	292	T	4	J	J	K	895	T	10	4	4	J	1	J	1	K	13	303
281	570	360810	633	281	T	4	J	2	J	570	281	9	281	T	4	J	2	J	570	T	10	4	4	J	1	2	2	J	1	302
912	849	538266	634	912	T	4	2	2	2	849	912	9	912	T	4	2	2	2	849	T	10	4	4	2	2	2	2	2	2	301
401	275	174625	635	401	T	4	4	4	2	275	401	9	401	T	4	4	4	2	275	T	10	4	4	4	4	4	4	2	2	300
435	573	364428	636	435	T	4	8	T	T	573	435	9	435	T	4	8	T	T	573	T	10	4	4	8	8	T	10	T	10	297
141	11	7007	637	141	T	5	T	J	7	11	141	9	141	T	5	T	J	7	11	T	10	5	5	T	10	J	1	7	7	292
643	227	144826	638	643	T	5	T	T	7	227	643	9	643	T	5	T	T	7	227	T	10	5	5	T	10	T	10	7	7	291
982	383	244737	639	982	T	6	T	K	J	383	982	9	982	T	6	T	K	J	383	T	10	6	6	T	10	K	13	J	1	289
57	671	429440	640	57	T	T	7	T	9	671	57	9	57	T	T	7	T	9	671	T	10	T	10	7	7	T	10	9	9	264
251	581	372421	641	251	T	T	T	K	Q	581	251	9	251	T	T	T	K	Q	581	T	10	T	10	T	10	K	13	Q	12	256
667	937	601554	642	667	T	A	3	3	J	937	667	9	667	T	A	3	3	J	937	T	10	A	14	3	3	3	3	J	1	246
227	289	185827	643	227	Q	J	9	Q	5	289	227	9	227	Q	J	9	Q	5	289	Q	12	J	1	9	9	Q	12	5	5	240
196	669	430836	644	196	Q	J	Q	9	2	669	196	9	196	Q	J	Q	9	2	669	Q	12	J	1	Q	12	9	9	2	2	238
959	540	348300	645	959	Q	5	5	J	2	540	959	9	959	Q	5	5	J	2	540	Q	12	5	5	5	5	J	1	2	2	226
868	852	550392	646	868	Q	6	Q	Q	A	852	868	9	868	Q	6	Q	Q	A	852	Q	12	6	6	Q	12	Q	12	A	14	217
971	822	531834	647	971	Q	6	K	Q	Q	822	971	9	971	Q	6	K	Q	Q	822	Q	12	6	6	K	13	Q	12	Q	12	215
489	761	493128	648	489	Q	7	3	7	7	761	489	9	489	Q	7	3	7	7	761	Q	12	7	7	3	3	7	7	7	7	214
128	150	97350	649	128	Q	7	7	7	8	150	128	9	128	Q	7	7	7	8	150	Q	12	7	7	7	7	7	7	8	8	212
278	983	638950	650	278	Q	8	8	J	3	983	278	9	278	Q	8	8	J	3	983	Q	12	8	8	8	8	J	1	3	3	206
191	873	568323	651	191	Q	8	Q	7	Q	873	191	9	191	Q	8	Q	7	Q	873	Q	12	8	8	Q	12	7	7	Q	12	205
617	561	365772	652	617	Q	Q	6	K	J	561	617	9	617	Q	Q	6	K	J	561	Q	12	Q	12	6	6	K	13	J	1	191
925	771	503463	653	925	Q	Q	T	K	J	771	925	9	925	Q	Q	T	K	J	771	Q	12	Q	12	T	10	K	13	J	1	188
337	913	597102	654	337	Q	A	J	6	Q	913	337	9	337	Q	A	J	6	Q	913	Q	12	A	14	J	1	6	6	Q	12	175
715	121	79255	655	715	K	5	9	K	K	121	715	9	715	K	5	9	K	K	121	K	13	5	5	9	9	K	13	K	13	157
468	132	86592	656	468	K	5	K	7	K	132	468	9	468	K	5	K	7	K	132	K	13	5	5	K	13	7	7	K	13	154
641	999	656343	657	641	K	6	T	J	6	999	641	9	641	K	6	T	J	6	999	K	13	6	6	T	10	J	1	6	6	151
200	230	151340	658	200	K	8	3	K	J	230	200	9	200	K	8	3	K	J	230	K	13	8	8	3	3	K	13	J	1	144
117	20	13180	659	117	K	8	8	3	8	20	117	9	117	K	8	8	3	8	20	K	13	8	8	8	8	3	3	8	8	143
402	76	50160	660	402	K	9	9	9	5	76	402	9	402	K	9	9	9	5	76	K	13	9	9	9	9	9	9	5	5	136
507	432	285552	661	507	K	T	3	T	J	432	507	9	507	K	T	3	T	J	432	K	13	T	10	3	3	T	10	J	1	133
443	637	421694	662	443	K	K	6	T	K	637	443	9	443	K	K	6	T	K	637	K	13	K	13	6	6	T	10	K	13	121
711	113	74919	663	711	K	K	8	K	7	113	711	9	711	K	K	8	K	7	113	K	13	K	13	8	8	K	13	7	7	119
589	583	387112	664	589	K	K	K	4	3	583	589	9	589	K	K	K	4	3	583	K	13	K	13	K	13	4	4	3	3	116
11	601	399665	665	11	K	A	6	J	A	601	11	9	11	K	A	6	J	A	601	K	13	A	14	6	6	J	1	A	14	105
940	921	613386	666	940	K	A	T	A	J	921	940	9	940	K	A	T	A	J	921	K	13	A	14	T	10	A	14	J	1	104
357	883	588961	667	357	K	A	A	5	A	883	357	9	357	K	A	A	5	A	883	K	13	A	14	A	14	5	5	A	14	101
722	28	18704	668	722	A	J	4	A	8	28	722	9	722	A	J	4	A	8	28	A	14	J	1	4	4	A	14	8	8	99
382	682	456258	669	382	A	J	8	2	A	682	382	9	382	A	J	8	2	A	682	A	14	J	1	8	8	2	2	A	14	97
204	398	266660	670	204	A	J	T	2	2	398	204	9	204	A	J	T	2	2	398	A	14	J	1	T	10	2	2	2	2	96
60	494	331474	671	60	A	J	T	9	A	494	60	9	60	A	J	T	9	A	494	A	14	J	1	T	10	9	9	A	14	95
514	544	365568	672	514	A	J	T	T	Q	544	514	9	514	A	J	T	T	Q	544	A	14	J	1	T	10	T	10	Q	12	94
192	853	574069	673	192	A	J	A	5	T	853	192	9	192	A	J	A	5	T	853	A	14	J	1	A	14	5	5	T	10	91
190	591	398334	674	190	A	J	A	7	6	591	190	9	190	A	J	A	7	6	591	A	14	J	1	A	14	7	7	6	6	90
815	145	97875	675	815	A	2	3	3	3	145	815	9	815	A	2	3	3	3	145	A	14	2	2	3	3	3	3	3	3	86
252	210	141960	676	252	A	2	A	5	J	210	252	9	252	A	2	A	5	J	210	A	14	2	2	A	14	5	5	J	1	83
640	219	148263	677	640	A	4	7	4	4	219	640	9	640	A	4	7	4	4	219	A	14	4	4	7	7	4	4	4	4	77
108	426	288828	678	108	A	5	T	5	5	426	108	9	108	A	5	T	5	5	426	A	14	5	5	T	10	5	5	5	5	71
855	199	135121	679	855	A	6	A	4	J	199	855	9	855	A	6	A	4	J	199	A	14	6	6	A	14	4	4	J	1	66
9	763	518840	680	9	A	6	A	9	A	763	9	9	9	A	6	A	9	A	763	A	14	6	6	A	14	9	9	A	14	65
932	3	2043	681	932	A	7	6	6	6	3	932	9	932	A	7	6	6	6	3	A	14	7	7	6	6	6	6	6	6	61
15	413	281666	682	15	A	7	T	J	T	413	15	9	15	A	7	T	J	T	413	A	14	7	7	T	10	J	1	T	10	58
184	416	284128	683	184	A	9	4	J	A	416	184	9	184	A	9	4	J	A	416	A	14	9	9	4	4	J	1	A	14	53
341	875	598500	684	341	A	9	Q	A	J	875	341	9	341	A	9	Q	A	J	875	A	14	9	9	Q	12	A	14	J	1	48
302	63	43155	685	302	A	T	4	A	A	63	302	9	302	A	T	4	A	A	63	A	14	T	10	4	4	A	14	A	14	42
427	860	589960	686	427	A	T	T	T	8	860	427	9	427	A	T	T	T	8	860	A	14	T	10	T	10	T	10	8	8	40
544	284	195108	687	544	A	K	A	6	A	284	544	9	544	A	K	A	6	A	284	A	14	K	13	A	14	6	6	A	14	28
614	524	360512	688	614	A	K	A	A	8	524	614	9	614	A	K	A	A	8	524	A	14	K	13	A	14	A	14	8	8	27
396	806	555334	689	396	A	A	4	6	A	806	396	9	396	A	A	4	6	A	806	A	14	A	14	4	4	6	6	A	14	17
353	375	258750	690	353	A	A	5	A	7	375	353	9	353	A	A	5	A	7	375	A	14	A	14	5	5	A	14	7	7	15
943	431	297821	691	943	A	A	7	K	A	431	943	9	943	A	A	7	K	A	431	A	14	A	14	7	7	K	13	A	14	10
44	697	482324	692	44	J	2	T	2	T	697	44	10	44	J	2	T	2	T	697	J	1	2	2	T	10	2	2	T	10	987
201	953	660429	693	201	J	A	9	9	A	953	201	10	201	J	A	9	9	A	953	J	1	A	14	9	9	9	9	A	14	925
464	663	460122	694	464	J	A	A	6	6	663	464	10	464	J	A	A	6	6	663	J	1	A	14	A	14	6	6	6	6	923
801	111	77145	695	801	2	J	6	6	2	111	801	10	801	2	J	6	6	2	111	2	2	J	1	6	6	6	6	2	2	917
95	539	375144	696	95	2	2	2	Q	Q	539	95	10	95	2	2	2	Q	Q	539	2	2	2	2	2	2	Q	12	Q	12	908
256	521	363137	697	256	2	2	6	6	2	521	256	10	256	2	2	6	6	2	521	2	2	2	2	6	6	6	6	2	2	901
482	405	282690	698	482	2	2	6	6	6	405	482	10	482	2	2	6	6	6	405	2	2	2	2	6	6	6	6	6	6	900
936	417	291483	699	936	2	2	T	2	T	417	936	10	936	2	2	T	2	T	417	2	2	2	2	T	10	2	2	T	10	893
767	891	623700	700	767	2	2	K	K	K	891	767	10	767	2	2	K	K	K	891	2	2	2	2	K	13	K	13	K	13	890
103	342	239742	701	103	2	7	J	7	2	342	103	10	103	2	7	J	7	2	342	2	2	7	7	J	1	7	7	2	2	871
915	691	485082	702	915	2	7	7	2	7	691	915	10	915	2	7	7	2	7	691	2	2	7	7	7	7	2	2	7	7	870
115	597	419691	703	115	2	Q	2	J	Q	597	115	10	115	2	Q	2	J	Q	597	2	2	Q	12	2	2	J	1	Q	12	849
954	62	43648	704	954	3	J	9	3	9	62	954	10	954	3	J	9	3	9	62	3	3	J	1	9	9	3	3	9	9	830
659	407	286935	705	659	3	2	2	3	2	407	659	10	659	3	2	2	3	2	407	3	3	2	2	2	2	3	3	2	2	827
561	422	297932	706	561	3	3	K	J	K	422	561	10	561	3	3	K	J	K	422	3	3	3	3	K	13	J	1	K	13	819
651	854	603778	707	651	3	3	A	A	3	854	651	10	651	3	3	A	A	3	854	3	3	3	3	A	14	A	14	3	3	816
763	434	307272	708	763	3	7	7	3	3	434	763	10	763	3	7	7	3	3	434	3	3	7	7	7	7	3	3	3	3	807
474	782	554438	709	474	3	8	3	8	3	782	474	10	474	3	8	3	8	3	782	3	3	8	8	3	3	8	8	3	3	804
650	316	224360	710	650	3	8	3	8	8	316	650	10	650	3	8	3	8	8	316	3	3	8	8	3	3	8	8	8	8	803
488	595	423045	711	488	4	3	3	4	3	595	488	10	488	4	3	3	4	3	595	4	4	3	3	3	3	4	4	3	3	763
172	157	111784	712	172	4	3	4	3	4	157	172	10	172	4	3	4	3	4	157	4	4	3	3	4	4	3	3	4	4	761
107	555	395715	713	107	4	4	2	2	2	555	107	10	107	4	4	2	2	2	555	4	4	4	4	2	2	2	2	2	2	757
750	216	154224	714	750	4	4	7	7	4	216	750	10	750	4	4	7	7	4	216	4	4	4	4	7	7	7	7	4	4	742
921	808	577720	715	921	4	4	8	8	4	808	921	10	921	4	4	8	8	4	808	4	4	4	4	8	8	8	8	4	4	741
457	575	411700	716	457	4	4	9	9	4	575	457	10	457	4	4	9	9	4	575	4	4	4	4	9	9	9	9	4	4	740
892	903	647451	717	892	4	4	Q	Q	4	903	892	10	892	4	4	Q	Q	4	903	4	4	4	4	Q	12	Q	12	4	4	737
622	760	545680	718	622	4	5	4	4	5	760	622	10	622	4	5	4	4	5	760	4	4	5	5	4	4	4	4	5	5	735
870	793	570167	719	870	4	K	K	4	4	793	870	10	870	4	K	K	4	4	793	4	4	K	13	K	13	4	4	4	4	683
160	250	180000	720	160	4	A	J	A	4	250	160	10	160	4	A	J	A	4	250	4	4	A	14	J	1	A	14	4	4	682
369	176	126896	721	369	5	3	3	J	5	176	369	10	369	5	3	3	J	5	176	5	5	3	3	3	3	J	1	5	5	667
820	656	473632	722	820	5	3	5	3	3	656	820	10	820	5	3	5	3	3	656	5	5	3	3	5	5	3	3	3	3	663
829	493	356439	723	829	5	5	2	2	5	493	829	10	829	5	5	2	2	5	493	5	5	5	5	2	2	2	2	5	5	651
678	916	663184	724	678	5	5	4	4	5	916	678	10	678	5	5	4	4	5	916	5	5	5	5	4	4	4	4	5	5	648
911	420	304500	725	911	5	5	5	8	8	420	911	10	911	5	5	5	8	8	420	5	5	5	5	5	5	8	8	8	8	643
889	802	582252	726	889	5	5	6	J	6	802	889	10	889	5	5	6	J	6	802	5	5	5	5	6	6	J	1	6	6	641
649	640	465280	727	649	5	6	5	6	6	640	649	10	649	5	6	5	6	6	640	5	5	6	6	5	5	6	6	6	6	630
412	970	706160	728	412	5	7	7	5	5	970	412	10	412	5	7	7	5	5	970	5	5	7	7	7	7	5	5	5	5	624
154	9	6561	729	154	5	8	8	5	8	9	154	10	154	5	8	8	5	8	9	5	5	8	8	8	8	5	5	8	8	620
155	749	546770	730	155	5	K	5	5	K	749	155	10	155	5	K	5	5	K	749	5	5	K	13	5	5	5	5	K	13	602
188	92	67252	731	188	6	3	3	3	6	92	188	10	188	6	3	3	3	6	92	6	6	3	3	3	3	3	3	6	6	586
236	482	352824	732	236	6	6	J	K	K	482	236	10	236	6	6	J	K	K	482	6	6	6	6	J	1	K	13	K	13	577
398	238	174454	733	398	6	6	4	J	4	238	398	10	398	6	6	4	J	4	238	6	6	6	6	4	4	J	1	4	4	573
137	664	487376	734	137	6	6	9	9	9	664	137	10	137	6	6	9	9	9	664	6	6	6	6	9	9	9	9	9	9	566
707	925	679875	735	707	6	6	Q	Q	Q	925	707	10	707	6	6	Q	Q	Q	925	6	6	6	6	Q	12	Q	12	Q	12	565
244	367	270112	736	244	6	6	K	K	6	367	244	10	244	6	6	K	K	6	367	6	6	6	6	K	13	K	13	6	6	563
149	711	524007	737	149	6	6	K	K	K	711	149	10	149	6	6	K	K	K	711	6	6	6	6	K	13	K	13	K	13	562
883	101	74538	738	883	6	6	A	6	A	101	883	10	883	6	6	A	6	A	101	6	6	6	6	A	14	6	6	A	14	560
146	17	12563	739	146	7	3	7	7	3	17	146	10	146	7	3	7	7	3	17	7	7	3	3	7	7	7	7	3	3	516
816	202	149480	740	816	7	4	4	7	7	202	816	10	816	7	4	4	7	7	202	7	7	4	4	4	4	7	7	7	7	510
378	295	218595	741	378	7	5	7	7	5	295	378	10	378	7	5	7	7	5	295	7	7	5	5	7	7	7	7	5	5	508
800	702	520884	742	800	7	6	6	7	7	702	800	10	800	7	6	6	7	7	702	7	7	6	6	6	6	7	7	7	7	504
972	68	50524	743	972	7	9	7	9	7	68	972	10	972	7	9	7	9	7	68	7	7	9	9	7	7	9	9	7	7	481
241	247	183768	744	241	7	9	7	9	9	247	241	10	241	7	9	7	9	9	247	7	7	9	9	7	7	9	9	9	9	480
246	393	292785	745	246	7	K	7	K	7	393	246	10	246	7	K	7	K	7	393	7	7	K	13	7	7	K	13	7	7	469
613	65	48490	746	613	7	A	7	A	7	65	613	10	613	7	A	7	A	7	65	7	7	A	14	7	7	A	14	7	7	466
757	693	517671	747	757	8	7	7	7	8	693	757	10	757	8	7	7	7	8	693	8	8	7	7	7	7	7	7	8	8	435
550	83	62084	748	550	8	7	8	7	8	83	550	10	550	8	7	8	7	8	83	8	8	7	7	8	8	7	7	8	8	434
46	385	288365	749	46	8	8	J	4	4	385	46	10	46	8	8	J	4	4	385	8	8	8	8	J	1	4	4	4	4	433
997	578	433500	750	997	8	8	2	2	J	578	997	10	997	8	8	2	2	J	578	8	8	8	8	2	2	2	2	J	1	432
680	772	579772	751	680	8	T	8	T	T	772	680	10	680	8	T	8	T	T	772	8	8	T	10	8	8	T	10	T	10	414
381	531	399312	752	381	9	2	9	J	2	531	381	10	381	9	2	9	J	2	531	9	9	2	2	9	9	J	1	2	2	390
25	843	634779	753	25	9	3	3	3	9	843	25	10	25	9	3	3	3	9	843	9	9	3	3	3	3	3	3	9	9	387
771	476	358904	754	771	9	3	9	9	3	476	771	10	771	9	3	9	9	3	476	9	9	3	3	9	9	9	9	3	3	380
356	8	6040	755	356	9	4	9	4	J	8	356	10	356	9	4	9	4	J	8	9	9	4	4	9	9	4	4	J	1	374
869	23	17388	756	869	9	8	8	9	9	23	869	10	869	9	8	8	9	9	23	9	9	8	8	8	8	9	9	9	9	350
387	310	234670	757	387	9	9	6	6	6	310	387	10	387	9	9	6	6	6	310	9	9	9	9	6	6	6	6	6	6	341
152	430	325940	758	152	9	9	T	9	T	430	152	10	152	9	9	T	9	T	430	9	9	9	9	T	10	9	9	T	10	332
426	82	62238	759	426	9	Q	9	Q	9	82	426	10	426	9	Q	9	Q	9	82	9	9	Q	12	9	9	Q	12	9	9	323
35	516	392160	760	35	9	K	K	K	9	516	35	10	35	9	K	K	K	9	516	9	9	K	13	K	13	K	13	9	9	319
734	676	514436	761	734	9	A	A	9	9	676	734	10	734	9	A	A	9	9	676	9	9	A	14	A	14	9	9	9	9	314
206	737	561594	762	206	T	J	T	5	5	737	206	10	206	T	J	T	5	5	737	T	10	J	1	T	10	5	5	5	5	310
842	315	240345	763	842	T	3	T	T	3	315	842	10	842	T	3	T	T	3	315	T	10	3	3	T	10	T	10	3	3	304
558	38	29032	764	558	T	4	4	T	T	38	558	10	558	T	4	4	T	T	38	T	10	4	4	4	4	T	10	T	10	299
104	745	569925	765	104	T	7	7	T	7	745	104	10	104	T	7	7	T	7	745	T	10	7	7	7	7	T	10	7	7	281
749	523	400618	766	749	T	7	T	T	7	523	749	10	749	T	7	T	T	7	523	T	10	7	7	T	10	T	10	7	7	280
392	240	184080	767	392	T	T	3	3	3	240	392	10	392	T	T	3	3	3	240	T	10	T	10	3	3	3	3	3	3	266
792	305	234240	768	792	T	T	9	T	9	305	792	10	792	T	T	9	T	9	305	T	10	T	10	9	9	T	10	9	9	263
420	128	98432	769	420	T	T	T	2	2	128	420	10	420	T	T	T	2	2	128	T	10	T	10	T	10	2	2	2	2	260
335	208	160160	770	335	T	K	J	K	T	208	335	10	335	T	K	J	K	T	208	T	10	K	13	J	1	K	13	T	10	253
825	619	477249	771	825	T	K	K	T	T	619	825	10	825	T	K	K	T	T	619	T	10	K	13	K	13	T	10	T	10	248
414	908	700976	772	414	T	A	T	T	A	908	414	10	414	T	A	T	T	A	908	T	10	A	14	T	10	T	10	A	14	242
324	45	34785	773	324	Q	J	T	T	Q	45	324	10	324	Q	J	T	T	Q	45	Q	12	J	1	T	10	T	10	Q	12	239
976	335	259290	774	976	Q	5	Q	5	Q	335	976	10	976	Q	5	Q	5	Q	335	Q	12	5	5	Q	12	5	5	Q	12	224
903	492	381300	775	903	Q	6	Q	6	J	492	903	10	903	Q	6	Q	6	J	492	Q	12	6	6	Q	12	6	6	J	1	218
508	846	656496	776	508	Q	T	Q	Q	T	846	508	10	508	Q	T	Q	Q	T	846	Q	12	T	10	Q	12	Q	12	T	10	196
125	467	362859	777	125	Q	Q	J	8	8	467	125	10	125	Q	Q	J	8	8	467	Q	12	Q	12	J	1	8	8	8	8	194
505	283	220174	778	505	Q	Q	3	J	3	283	505	10	505	Q	Q	3	J	3	283	Q	12	Q	12	3	3	J	1	3	3	192
755	306	238374	779	755	Q	Q	7	7	7	306	755	10	755	Q	Q	7	7	7	306	Q	12	Q	12	7	7	7	7	7	7	190
453	67	52260	780	453	Q	Q	Q	3	3	67	453	10	453	Q	Q	Q	3	3	67	Q	12	Q	12	Q	12	3	3	3	3	186
607	624	487344	781	607	Q	Q	Q	9	9	624	607	10	607	Q	Q	Q	9	9	624	Q	12	Q	12	Q	12	9	9	9	9	184
529	778	608396	782	529	Q	K	K	Q	K	778	529	10	529	Q	K	K	Q	K	778	Q	12	K	13	K	13	Q	12	K	13	176
179	349	273267	783	179	K	2	K	2	2	349	179	10	179	K	2	K	2	2	349	K	13	2	2	K	13	2	2	2	2	170
615	264	206976	784	615	K	4	J	4	K	264	615	10	615	K	4	J	4	K	264	K	13	4	4	J	1	4	4	K	13	165
670	61	47885	785	670	K	8	8	8	K	61	670	10	670	K	8	8	8	K	61	K	13	8	8	8	8	8	8	K	13	141
777	559	439374	786	777	K	9	9	K	9	559	777	10	777	K	9	9	K	9	559	K	13	9	9	9	9	K	13	9	9	135
43	112	88144	787	43	K	Q	K	Q	Q	112	43	10	43	K	Q	K	Q	Q	112	K	13	Q	12	K	13	Q	12	Q	12	128
644	631	497228	788	644	K	K	J	9	9	631	644	10	644	K	K	J	9	9	631	K	13	K	13	J	1	9	9	9	9	127
979	735	579915	789	979	K	K	3	3	3	735	979	10	979	K	K	3	3	3	735	K	13	K	13	3	3	3	3	3	3	124
587	900	711000	790	587	K	K	T	K	T	900	587	10	587	K	K	T	K	T	900	K	13	K	13	T	10	K	13	T	10	118
988	253	200123	791	988	K	K	K	4	4	253	988	10	988	K	K	K	4	4	253	K	13	K	13	K	13	4	4	4	4	115
770	205	162360	792	770	K	K	K	5	5	205	770	10	770	K	K	K	5	5	205	K	13	K	13	K	13	5	5	5	5	114
17	528	418704	793	17	K	A	K	A	K	528	17	10	17	K	A	K	A	K	528	K	13	A	14	K	13	A	14	K	13	103
998	256	203264	794	998	A	5	5	5	A	256	998	10	998	A	5	5	5	A	256	A	14	5	5	5	5	5	5	A	14	74
219	445	353775	795	219	A	5	5	A	A	445	219	10	219	A	5	5	A	A	445	A	14	5	5	5	5	A	14	A	14	73
887	183	145668	796	887	A	7	J	A	7	183	887	10	887	A	7	J	A	7	183	A	14	7	7	J	1	A	14	7	7	63
907	789	628833	797	907	A	8	A	8	8	789	907	10	907	A	8	A	8	8	789	A	14	8	8	A	14	8	8	8	8	55
708	329	262542	798	708	A	9	A	9	A	329	708	10	708	A	9	A	9	A	329	A	14	9	9	A	14	9	9	A	14	45
166	107	85493	799	166	A	T	A	A	T	107	166	10	166	A	T	A	A	T	107	A	14	T	10	A	14	A	14	T	10	39
990	369	295200	800	990	A	Q	A	A	Q	369	990	10	990	A	Q	A	A	Q	369	A	14	Q	12	A	14	A	14	Q	12	33
791	244	195444	801	791	A	A	2	A	2	244	791	10	791	A	A	2	A	2	244	A	14	A	14	2	2	A	14	2	2	23
293	491	393782	802	293	A	A	3	J	3	491	293	10	293	A	A	3	J	3	491	A	14	A	14	3	3	J	1	3	3	22
709	59	47377	803	709	A	A	3	3	A	59	709	10	709	A	A	3	3	A	59	A	14	A	14	3	3	3	3	A	14	20
485	621	499284	804	485	A	A	4	4	4	621	485	10	485	A	A	4	4	4	621	A	14	A	14	4	4	4	4	4	4	19
582	27	21735	805	582	A	A	7	7	A	27	582	10	582	A	A	7	7	A	27	A	14	A	14	7	7	7	7	A	14	13
521	609	490854	806	521	A	A	A	4	4	609	521	10	521	A	A	A	4	4	609	A	14	A	14	A	14	4	4	4	4	5
552	130	104910	807	552	A	A	A	K	K	130	552	10	552	A	A	A	K	K	130	A	14	A	14	A	14	K	13	K	13	3
88	568	458944	808	88	J	J	2	A	A	568	88	12	88	J	J	2	A	A	568	J	1	J	1	2	2	A	14	A	14	996
187	278	224902	809	187	J	2	7	2	2	278	187	12	187	J	2	7	2	2	278	J	1	2	2	7	7	2	2	2	2	989
226	480	388800	810	226	J	5	4	4	4	480	226	12	226	J	5	4	4	4	480	J	1	5	5	4	4	4	4	4	4	976
839	490	397390	811	839	J	5	4	5	5	490	839	12	839	J	5	4	5	5	490	J	1	5	5	4	4	5	5	5	5	975
572	786	638232	812	572	J	5	5	5	9	786	572	12	572	J	5	5	5	9	786	J	1	5	5	5	5	5	5	9	9	974
446	639	519507	813	446	J	5	T	5	J	639	446	12	446	J	5	T	5	J	639	J	1	5	5	T	10	5	5	J	1	971
312	756	615384	814	312	J	5	A	A	A	756	312	12	312	J	5	A	A	A	756	J	1	5	5	A	14	A	14	A	14	970
783	64	52160	815	783	J	6	6	6	2	64	783	12	783	J	6	6	6	2	64	J	1	6	6	6	6	6	6	2	2	967
583	753	614448	816	583	J	7	9	7	7	753	583	12	583	J	7	9	7	7	753	J	1	7	7	9	9	7	7	7	7	959
547	730	596410	817	547	J	8	3	3	3	730	547	12	547	J	8	3	3	3	730	J	1	8	8	3	3	3	3	3	3	956
718	740	605320	818	718	J	K	2	J	2	740	718	12	718	J	K	2	J	2	740	J	1	K	13	2	2	J	1	2	2	937
307	620	507780	819	307	J	A	Q	Q	Q	620	307	12	307	J	A	Q	Q	Q	620	J	1	A	14	Q	12	Q	12	Q	12	924
487	32	26240	820	487	2	J	J	J	9	32	487	12	487	2	J	J	J	9	32	2	2	J	1	J	1	J	1	9	9	921
794	736	604256	821	794	2	J	J	3	3	736	794	12	794	2	J	J	3	3	736	2	2	J	1	J	1	3	3	3	3	920
97	834	685548	822	97	2	J	2	7	J	834	97	12	97	2	J	2	7	J	834	2	2	J	1	2	2	7	7	J	1	919
460	572	470756	823	460	2	J	Q	Q	Q	572	460	12	460	2	J	Q	Q	Q	572	2	2	J	1	Q	12	Q	12	Q	12	913
361	541	445784	824	361	2	2	2	2	Q	541	361	12	361	2	2	2	2	Q	541	2	2	2	2	2	2	2	2	Q	12	911
123	31	25575	825	123	2	2	2	2	K	31	123	12	123	2	2	2	2	K	31	2	2	2	2	2	2	2	2	K	13	910
275	567	468342	826	275	2	2	2	4	2	567	275	12	275	2	2	2	4	2	567	2	2	2	2	2	2	4	4	2	2	909
348	955	789785	827	348	2	2	7	2	2	955	348	12	348	2	2	7	2	2	955	2	2	2	2	7	7	2	2	2	2	898
953	918	760104	828	953	2	2	8	J	2	918	953	12	953	2	2	8	J	2	918	2	2	2	2	8	8	J	1	2	2	896
886	720	596880	829	886	2	2	9	2	2	720	886	12	886	2	2	9	2	2	720	2	2	2	2	9	9	2	2	2	2	895
874	522	433260	830	874	2	8	8	J	8	522	874	12	874	2	8	8	J	8	522	2	2	8	8	8	8	J	1	8	8	865
268	690	573390	831	268	2	Q	J	2	2	690	268	12	268	2	Q	J	2	2	690	2	2	Q	12	J	1	2	2	2	2	850
122	719	598208	832	122	2	A	A	A	A	719	122	12	122	2	A	A	A	A	719	2	2	A	14	A	14	A	14	A	14	837
365	167	139111	833	365	3	J	2	2	2	167	365	12	365	3	J	2	2	2	167	3	3	J	1	2	2	2	2	2	2	836
37	675	562950	834	37	3	J	3	J	Q	675	37	12	37	3	J	3	J	Q	675	3	3	J	1	3	3	J	1	Q	12	834
713	503	420005	835	713	3	3	J	3	7	503	713	12	713	3	3	J	3	7	503	3	3	3	3	J	1	3	3	7	7	826
848	530	443080	836	848	3	3	3	3	6	530	848	12	848	3	3	3	3	6	530	3	3	3	3	3	3	3	3	6	6	824
238	384	321408	837	238	3	3	3	9	3	384	238	12	238	3	3	3	9	3	384	3	3	3	3	3	3	9	9	3	3	823
590	406	340228	838	590	3	3	3	T	3	406	590	12	590	3	3	3	T	3	406	3	3	3	3	3	3	T	10	3	3	822
956	88	73832	839	956	3	5	5	5	5	88	956	12	956	3	5	5	5	5	88	3	3	5	5	5	5	5	5	5	5	811
173	549	461160	840	173	3	7	7	7	7	549	173	12	173	3	7	7	7	7	549	3	3	7	7	7	7	7	7	7	7	806
336	226	190066	841	336	3	T	T	T	T	226	336	12	336	3	T	T	T	T	226	3	3	T	10	T	10	T	10	T	10	791
655	292	245864	842	655	4	J	J	K	K	292	655	12	655	4	J	J	K	K	292	4	4	J	1	J	1	K	13	K	13	772
846	821	692103	843	846	4	J	A	4	4	821	846	12	846	4	J	A	4	4	821	4	4	J	1	A	14	4	4	4	4	767
774	36	30384	844	774	4	4	J	4	2	36	774	12	774	4	4	J	4	2	36	4	4	4	4	J	1	4	4	2	2	759
688	337	284765	845	688	4	4	3	J	4	337	688	12	688	4	4	3	J	4	337	4	4	4	4	3	3	J	1	4	4	753
417	950	803700	846	417	4	4	4	J	7	950	417	12	417	4	4	4	J	7	950	4	4	4	4	4	4	J	1	7	7	751
738	862	730114	847	738	4	4	4	2	4	862	738	12	738	4	4	4	2	4	862	4	4	4	4	4	4	2	2	4	4	750
367	217	184016	848	367	4	4	4	4	9	217	367	12	367	4	4	4	4	9	217	4	4	4	4	4	4	4	4	9	9	749
263	50	42450	849	263	4	4	4	6	4	50	263	12	263	4	4	4	6	4	50	4	4	4	4	4	4	6	6	4	4	748
977	587	498950	850	977	4	4	4	7	4	587	977	12	977	4	4	4	7	4	587	4	4	4	4	4	4	7	7	4	4	747
593	979	833129	851	593	4	4	4	8	4	979	593	12	593	4	4	4	8	4	979	4	4	4	4	4	4	8	8	4	4	746
366	614	523128	852	366	4	4	4	T	J	614	366	12	366	4	4	4	T	J	614	4	4	4	4	4	4	T	10	J	1	745
276	527	449531	853	276	4	9	9	9	9	527	276	12	276	4	9	9	9	9	527	4	4	9	9	9	9	9	9	9	9	702
966	239	204106	854	966	4	A	4	4	4	239	966	12	966	4	A	4	4	4	239	4	4	A	14	4	4	4	4	4	4	680
364	668	571140	855	364	4	A	A	A	J	668	364	12	364	4	A	A	A	J	668	4	4	A	14	A	14	A	14	J	1	676
631	773	661688	856	631	5	J	3	J	3	773	631	12	631	5	J	3	J	3	773	5	5	J	1	3	3	J	1	3	3	674
310	714	611898	857	310	5	J	5	5	7	714	310	12	310	5	J	5	5	7	714	5	5	J	1	5	5	5	5	7	7	673
456	450	386100	858	456	5	2	2	2	2	450	456	12	456	5	2	2	2	2	450	5	5	2	2	2	2	2	2	2	2	670
598	505	433795	859	598	5	5	J	2	5	505	598	12	598	5	5	J	2	5	505	5	5	5	5	J	1	2	2	5	5	654
233	370	318200	860	233	5	5	J	5	8	370	233	12	233	5	5	J	5	8	370	5	5	5	5	J	1	5	5	8	8	653
768	545	469245	861	768	5	5	5	5	2	545	768	12	768	5	5	5	5	2	545	5	5	5	5	5	5	5	5	2	2	646
76	470	405140	862	76	5	5	5	5	4	470	76	12	76	5	5	5	5	4	470	5	5	5	5	5	5	5	5	4	4	645
36	98	84574	863	36	5	5	5	8	5	98	36	12	36	5	5	5	8	5	98	5	5	5	5	5	5	8	8	5	5	644
183	934	806976	864	183	5	5	5	9	5	934	183	12	183	5	5	5	9	5	934	5	5	5	5	5	5	9	9	5	5	642
229	647	559655	865	229	5	5	6	5	5	647	229	12	229	5	5	6	5	5	647	5	5	5	5	6	6	5	5	5	5	640
6	372	322152	866	6	5	5	A	5	5	372	6	12	6	5	5	A	5	5	372	5	5	5	5	A	14	5	5	5	5	633
444	924	801108	867	444	5	7	5	5	5	924	444	12	444	5	7	5	5	5	924	5	5	7	7	5	5	5	5	5	5	625
730	177	153636	868	730	5	9	J	9	9	177	730	12	730	5	9	J	9	9	177	5	5	9	9	J	1	9	9	9	9	618
175	444	385836	869	175	5	A	5	5	J	444	175	12	175	5	A	5	5	J	444	5	5	A	14	5	5	5	5	J	1	599
735	13	11310	870	735	6	J	J	6	2	13	735	12	735	6	J	J	6	2	13	6	6	J	1	J	1	6	6	2	2	594
473	123	107133	871	473	6	J	5	6	6	123	473	12	473	6	J	5	6	6	123	6	6	J	1	5	5	6	6	6	6	593
421	511	445592	872	421	6	J	6	6	9	511	421	12	421	6	J	6	6	9	511	6	6	J	1	6	6	6	6	9	9	592
809	850	742050	873	809	6	2	2	2	J	850	809	12	809	6	2	2	2	J	850	6	6	2	2	2	2	2	2	J	1	589
452	395	345230	874	452	6	2	2	2	2	395	452	12	452	6	2	2	2	2	395	6	6	2	2	2	2	2	2	2	2	588
908	181	158375	875	908	6	3	6	6	6	181	908	12	908	6	3	6	6	6	181	6	6	3	3	6	6	6	6	6	6	584
431	610	534360	876	431	6	4	6	6	J	610	431	12	431	6	4	6	6	J	610	6	6	4	4	6	6	6	6	J	1	581
773	579	507783	877	773	6	4	6	6	6	579	773	12	773	6	4	6	6	6	579	6	6	4	4	6	6	6	6	6	6	580
843	831	729618	878	843	6	6	J	Q	6	831	843	12	843	6	6	J	Q	6	831	6	6	6	6	J	1	Q	12	6	6	578
264	554	486966	879	264	6	6	5	6	6	554	264	12	264	6	6	5	6	6	554	6	6	6	6	5	5	6	6	6	6	572
377	945	831600	880	377	6	6	6	6	2	945	377	12	377	6	6	6	6	2	945	6	6	6	6	6	6	6	6	2	2	571
941	189	166509	881	941	6	6	6	6	8	189	941	12	941	6	6	6	6	8	189	6	6	6	6	6	6	6	6	8	8	570
105	635	560070	882	105	6	6	7	6	J	635	105	12	105	6	6	7	6	J	635	6	6	6	6	7	7	6	6	J	1	568
228	978	863574	883	228	6	6	K	J	6	978	228	12	228	6	6	K	J	6	978	6	6	6	6	K	13	J	1	6	6	564
106	243	214812	884	106	6	T	T	T	T	243	106	12	106	6	T	T	T	T	243	6	6	T	10	T	10	T	10	T	10	543
683	723	639855	885	683	6	Q	Q	Q	Q	723	683	12	683	6	Q	Q	Q	Q	723	6	6	Q	12	Q	12	Q	12	Q	12	534
42	840	744240	886	42	6	A	6	6	J	840	42	12	42	6	A	6	6	J	840	6	6	A	14	6	6	6	6	J	1	531
389	409	362783	887	389	7	2	J	7	7	409	389	12	389	7	2	J	7	7	409	7	7	2	2	J	1	7	7	7	7	524
79	321	285048	888	79	7	5	7	7	7	321	79	12	79	7	5	7	7	7	321	7	7	5	5	7	7	7	7	7	7	507
1	507	450723	889	1	7	7	7	7	6	507	1	12	1	7	7	7	7	6	507	7	7	7	7	7	7	7	7	6	6	499
611	905	805450	890	611	7	7	7	7	9	905	611	12	611	7	7	7	7	9	905	7	7	7	7	7	7	7	7	9	9	498
1000	364	324324	891	1000	7	7	7	8	7	364	1000	12	1000	7	7	7	8	7	364	7	7	7	7	7	7	8	8	7	7	497
527	672	599424	892	527	7	7	7	Q	7	672	527	12	527	7	7	7	Q	7	672	7	7	7	7	7	7	Q	12	7	7	495
90	896	800128	893	90	7	7	A	J	J	896	90	12	90	7	7	A	J	J	896	7	7	7	7	A	14	J	1	J	1	489
653	415	371010	894	653	8	J	4	8	8	415	653	12	653	8	J	4	8	8	415	8	8	J	1	4	4	8	8	8	8	463
679	313	280135	895	679	8	J	7	7	7	313	679	12	679	8	J	7	7	7	313	8	8	J	1	7	7	7	7	7	7	461
946	458	410368	896	946	8	J	8	Q	J	458	946	12	946	8	J	8	Q	J	458	8	8	J	1	8	8	Q	12	J	1	460
91	345	309465	897	91	8	3	3	3	3	345	91	12	91	8	3	3	3	3	345	8	8	3	3	3	3	3	3	3	3	453
342	298	267604	898	342	8	8	4	8	8	298	342	12	342	8	8	4	8	8	298	8	8	8	8	4	4	8	8	8	8	431
277	297	267003	899	277	8	8	5	J	J	297	277	12	277	8	8	5	J	J	297	8	8	8	8	5	5	J	1	J	1	430
23	858	772200	900	23	8	8	5	8	8	858	23	12	23	8	8	5	8	8	858	8	8	8	8	5	5	8	8	8	8	429
818	593	534293	901	818	8	8	7	8	8	593	818	12	818	8	8	7	8	8	593	8	8	8	8	7	7	8	8	8	8	426
78	632	570064	902	78	8	8	8	8	2	632	78	12	78	8	8	8	8	2	632	8	8	8	8	8	8	8	8	2	2	423
740	200	180600	903	740	8	8	8	8	A	200	740	12	740	8	8	8	8	A	200	8	8	8	8	8	8	8	8	A	14	422
290	473	427592	904	290	8	8	Q	8	J	473	290	12	290	8	8	Q	8	J	473	8	8	8	8	Q	12	8	8	J	1	420
390	785	710425	905	390	8	T	T	T	J	785	390	12	390	8	T	T	T	J	785	8	8	T	10	T	10	T	10	J	1	413
202	964	873384	906	202	8	Q	Q	J	J	964	202	12	202	8	Q	Q	J	J	964	8	8	Q	12	Q	12	J	1	J	1	410
556	81	73467	907	556	8	K	8	8	J	81	556	12	556	8	K	8	8	J	81	8	8	K	13	8	8	8	8	J	1	406
240	379	344132	908	240	8	A	A	A	A	379	240	12	240	8	A	A	A	A	379	8	8	A	14	A	14	A	14	A	14	400
894	876	796284	909	894	9	J	5	J	9	876	894	12	894	9	J	5	J	9	876	9	9	J	1	5	5	J	1	9	9	397
565	889	808990	910	565	9	J	K	J	9	889	565	12	565	9	J	K	J	9	889	9	9	J	1	K	13	J	1	9	9	393
570	992	903712	911	570	9	5	9	9	9	992	570	12	570	9	5	9	9	9	992	9	9	5	5	9	9	9	9	9	9	370
466	692	631104	912	466	9	6	J	J	9	692	466	12	466	9	6	J	J	9	692	9	9	6	6	J	1	J	1	9	9	364
520	713	650969	913	520	9	7	J	7	J	713	520	12	520	9	7	J	7	J	713	9	9	7	7	J	1	7	7	J	1	354
827	613	560282	914	827	9	8	8	8	8	613	827	12	827	9	8	8	8	8	613	9	9	8	8	8	8	8	8	8	8	351
101	653	597495	915	101	9	9	J	9	2	653	101	12	101	9	9	J	9	2	653	9	9	9	9	J	1	9	9	2	2	347
463	776	710816	916	463	9	9	3	9	9	776	463	12	463	9	9	3	9	9	776	9	9	9	9	3	3	9	9	9	9	342
913	795	729015	917	913	9	9	8	9	9	795	913	12	913	9	9	8	9	9	795	9	9	9	9	8	8	9	9	9	9	338
216	594	545292	918	216	9	9	9	6	9	594	216	12	216	9	9	9	6	9	594	9	9	9	9	9	9	6	6	9	9	336
3	314	288566	919	3	9	9	9	9	Q	314	3	12	3	9	9	9	9	Q	314	9	9	9	9	9	9	9	9	Q	12	335
861	687	632040	920	861	9	9	9	9	A	687	861	12	861	9	9	9	9	A	687	9	9	9	9	9	9	9	9	A	14	334
920	387	356427	921	920	9	9	K	9	9	387	920	12	920	9	9	K	9	9	387	9	9	9	9	K	13	9	9	9	9	331
965	117	107874	922	965	T	J	A	T	T	117	965	12	965	T	J	A	T	T	117	T	10	J	1	A	14	T	10	T	10	309
195	390	359970	923	195	T	2	T	J	T	390	195	12	195	T	2	T	J	T	390	T	10	2	2	T	10	J	1	T	10	306
962	404	373296	924	962	T	5	5	J	5	404	962	12	962	T	5	5	J	5	404	T	10	5	5	5	5	J	1	5	5	294
477	475	439375	925	477	T	5	5	5	5	475	477	12	477	T	5	5	5	5	475	T	10	5	5	5	5	5	5	5	5	293
984	880	814880	926	984	T	9	T	T	J	880	984	12	984	T	9	T	T	J	880	T	10	9	9	T	10	T	10	J	1	272
803	268	248436	927	803	T	T	J	Q	T	268	803	12	803	T	T	J	Q	T	268	T	10	T	10	J	1	Q	12	T	10	268
699	764	708992	928	699	T	T	9	T	T	764	699	12	699	T	T	9	T	T	764	T	10	T	10	9	9	T	10	T	10	262
209	446	414334	929	209	T	T	T	J	7	446	209	12	209	T	T	T	J	7	446	T	10	T	10	T	10	J	1	7	7	261
222	498	463140	930	222	T	T	T	4	T	498	222	12	222	T	T	T	4	T	498	T	10	T	10	T	10	4	4	T	10	259
83	165	153615	931	83	T	T	T	7	T	165	83	12	83	T	T	T	7	T	165	T	10	T	10	T	10	7	7	T	10	258
153	920	857440	932	153	T	T	T	T	2	920	153	12	153	T	T	T	T	2	920	T	10	T	10	T	10	T	10	2	2	257
823	726	677358	933	823	T	K	K	K	K	726	823	12	823	T	K	K	K	K	726	T	10	K	13	K	13	K	13	K	13	247
475	40	37360	934	475	Q	5	Q	Q	Q	40	475	12	475	Q	5	Q	Q	Q	40	Q	12	5	5	Q	12	Q	12	Q	12	223
859	847	791945	935	859	Q	Q	J	6	Q	847	859	12	859	Q	Q	J	6	Q	847	Q	12	Q	12	J	1	6	6	Q	12	195
170	73	68328	936	170	Q	Q	2	Q	Q	73	170	12	170	Q	Q	2	Q	Q	73	Q	12	Q	12	2	2	Q	12	Q	12	193
27	323	302651	937	27	Q	Q	T	Q	Q	323	27	12	27	Q	Q	T	Q	Q	323	Q	12	Q	12	T	10	Q	12	Q	12	189
837	125	117250	938	837	Q	Q	Q	J	3	125	837	12	837	Q	Q	Q	J	3	125	Q	12	Q	12	Q	12	J	1	3	3	187
486	874	820686	939	486	Q	Q	Q	3	Q	874	486	12	486	Q	Q	Q	3	Q	874	Q	12	Q	12	Q	12	3	3	Q	12	185
248	688	646720	940	248	Q	Q	Q	9	Q	688	248	12	248	Q	Q	Q	9	Q	688	Q	12	Q	12	Q	12	9	9	Q	12	183
497	164	154324	941	497	Q	Q	Q	Q	4	164	497	12	497	Q	Q	Q	Q	4	164	Q	12	Q	12	Q	12	Q	12	4	4	181
440	267	251514	942	440	Q	Q	Q	Q	8	267	440	12	440	Q	Q	Q	Q	8	267	Q	12	Q	12	Q	12	Q	12	8	8	180
588	750	707250	943	588	K	6	K	J	K	750	588	12	588	K	6	K	J	K	750	K	13	6	6	K	13	J	1	K	13	150
616	698	658912	944	616	K	7	7	7	J	698	616	12	616	K	7	7	7	J	698	K	13	7	7	7	7	7	7	J	1	146
762	115	108675	945	762	K	8	8	8	8	115	762	12	762	K	8	8	8	8	115	K	13	8	8	8	8	8	8	8	8	142
317	832	787072	946	317	K	9	J	9	9	832	317	12	317	K	9	J	9	9	832	K	13	9	9	J	1	9	9	9	9	139
746	510	482970	947	746	K	K	J	K	3	510	746	12	746	K	K	J	K	3	510	K	13	K	13	J	1	K	13	3	3	126
148	588	557424	948	148	K	K	7	K	K	588	148	12	148	K	K	7	K	K	588	K	13	K	13	7	7	K	13	K	13	120
980	483	458367	949	980	K	K	K	3	K	483	980	12	980	K	K	K	3	K	483	K	13	K	13	K	13	3	3	K	13	117
531	744	706800	950	531	K	K	K	5	K	744	531	12	531	K	K	K	5	K	744	K	13	K	13	K	13	5	5	K	13	113
785	319	303369	951	785	K	K	K	Q	K	319	785	12	785	K	K	K	Q	K	319	K	13	K	13	K	13	Q	12	K	13	112
796	134	127568	952	796	K	K	K	K	2	134	796	12	796	K	K	K	K	2	134	K	13	K	13	K	13	K	13	2	2	111
786	836	796708	953	786	K	K	K	K	6	836	786	12	786	K	K	K	K	6	836	K	13	K	13	K	13	K	13	6	6	110
712	47	44838	954	712	K	K	K	K	9	47	712	12	712	K	K	K	K	9	47	K	13	K	13	K	13	K	13	9	9	109
710	257	245435	955	710	K	K	K	A	J	257	710	12	710	K	K	K	A	J	257	K	13	K	13	K	13	A	14	J	1	108
549	550	525800	956	549	A	J	J	9	A	550	549	12	549	A	J	J	9	A	550	A	14	J	1	J	1	9	9	A	14	100
662	755	722535	957	662	A	J	Q	J	Q	755	662	12	662	A	J	Q	J	Q	755	A	14	J	1	Q	12	J	1	Q	12	93
432	171	163818	958	432	A	2	2	J	2	171	432	12	432	A	2	2	J	2	171	A	14	2	2	2	2	J	1	2	2	88
541	118	113162	959	541	A	3	3	3	3	118	541	12	541	A	3	3	3	3	118	A	14	3	3	3	3	3	3	3	3	82
181	797	765120	960	181	A	6	A	A	A	797	181	12	181	A	6	A	A	A	797	A	14	6	6	A	14	A	14	A	14	64
618	487	468007	961	618	A	7	7	J	7	487	618	12	618	A	7	7	J	7	487	A	14	7	7	7	7	J	1	7	7	60
934	331	318422	962	934	A	7	7	7	7	331	934	12	934	A	7	7	7	7	331	A	14	7	7	7	7	7	7	7	7	59
909	515	495945	963	909	A	8	A	A	J	515	909	12	909	A	8	A	A	J	515	A	14	8	8	A	14	A	14	J	1	54
830	178	171592	964	830	A	T	A	A	A	178	830	12	830	A	T	A	A	A	178	A	14	T	10	A	14	A	14	A	14	38
300	879	848235	965	300	A	K	A	A	A	879	300	12	300	A	K	A	A	A	879	A	14	K	13	A	14	A	14	A	14	26
904	484	467544	966	904	A	A	J	A	3	484	904	12	904	A	A	J	A	3	484	A	14	A	14	J	1	A	14	3	3	25
992	206	199202	967	992	A	A	J	A	7	206	992	12	992	A	A	J	A	7	206	A	14	A	14	J	1	A	14	7	7	24
937	16	15488	968	937	A	A	A	J	2	16	937	12	937	A	A	A	J	2	16	A	14	A	14	A	14	J	1	2	2	6
957	399	386631	969	957	A	A	A	9	A	399	957	12	957	A	A	A	9	A	399	A	14	A	14	A	14	9	9	A	14	4
721	75	72750	970	721	A	A	A	A	5	75	721	12	721	A	A	A	A	5	75	A	14	A	14	A	14	A	14	5	5	2
330	357	346647	971	330	A	A	A	A	7	357	330	12	330	A	A	A	A	7	357	A	14	A	14	A	14	A	14	7	7	1
344	90	87480	972	344	J	J	J	J	J	90	344	15	344	J	J	J	J	J	90	J	1	J	1	J	1	J	1	J	1	1000
450	451	438823	973	450	J	J	J	J	8	451	450	15	450	J	J	J	J	8	451	J	1	J	1	J	1	J	1	8	8	999
65	116	112984	974	65	J	J	J	A	A	116	65	15	65	J	J	J	A	A	116	J	1	J	1	J	1	A	14	A	14	998
523	218	212550	975	523	J	J	2	2	2	218	523	15	523	J	J	2	2	2	218	J	1	J	1	2	2	2	2	2	2	997
510	143	139568	976	510	J	J	7	7	7	143	510	15	510	J	J	7	7	7	143	J	1	J	1	7	7	7	7	7	7	995
873	667	651659	977	873	J	J	T	J	T	667	873	15	873	J	J	T	J	T	667	J	1	J	1	T	10	J	1	T	10	994
386	424	414672	978	386	J	3	3	3	3	424	386	15	386	J	3	3	3	3	424	J	1	3	3	3	3	3	3	3	3	986
995	440	430760	979	995	J	4	J	4	4	440	995	15	995	J	4	J	4	4	440	J	1	4	4	J	1	4	4	4	4	983
140	777	761460	980	140	J	6	J	J	6	777	140	15	140	J	6	J	J	6	777	J	1	6	6	J	1	J	1	6	6	969
31	754	739674	981	31	J	6	6	J	6	754	31	15	31	J	6	6	J	6	754	J	1	6	6	6	6	J	1	6	6	968
751	548	538136	982	751	J	6	6	6	6	548	751	15	751	J	6	6	6	6	548	J	1	6	6	6	6	6	6	6	6	966
687	57	56031	983	687	J	7	7	7	7	57	687	15	687	J	7	7	7	7	57	J	1	7	7	7	7	7	7	7	7	960
30	439	431976	984	30	J	8	8	8	J	439	30	15	30	J	8	8	8	J	439	J	1	8	8	8	8	8	8	J	1	954
764	276	271860	985	764	J	8	8	8	8	276	764	15	764	J	8	8	8	8	276	J	1	8	8	8	8	8	8	8	8	953
875	344	339184	986	875	J	9	9	J	J	344	875	15	875	J	9	9	J	J	344	J	1	9	9	9	9	J	1	J	1	949
866	564	556668	987	866	J	Q	J	Q	Q	564	866	15	866	J	Q	J	Q	Q	564	J	1	Q	12	J	1	Q	12	Q	12	942
71	779	769652	988	71	J	K	K	J	K	779	71	15	71	J	K	K	J	K	779	J	1	K	13	K	13	J	1	K	13	934
991	396	391644	989	991	2	2	2	J	2	396	991	15	991	2	2	2	J	2	396	2	2	2	2	2	2	J	1	2	2	912
817	677	670230	990	817	3	3	3	J	J	677	817	15	817	3	3	3	J	J	677	3	3	3	3	3	3	J	1	J	1	825
571	457	452887	991	571	4	J	4	4	4	457	571	15	571	4	J	4	4	4	457	4	4	J	1	4	4	4	4	4	4	771
503	461	457312	992	503	5	J	J	5	5	461	503	15	503	5	J	J	5	5	461	5	5	J	1	J	1	5	5	5	5	675
504	770	764610	993	504	5	5	5	5	J	770	504	15	504	5	5	5	5	J	770	5	5	5	5	5	5	5	5	J	1	647
410	78	77532	994	410	9	9	J	9	9	78	410	15	410	9	9	J	9	9	78	9	9	9	9	J	1	9	9	9	9	346
663	39	38805	995	663	T	T	J	J	T	39	663	15	663	T	T	J	J	T	39	T	10	T	10	J	1	J	1	T	10	270
388	341	339636	996	388	T	T	J	T	T	341	388	15	388	T	T	J	T	T	341	T	10	T	10	J	1	T	10	T	10	269
636	105	104685	997	636	Q	Q	Q	Q	J	105	636	15	636	Q	Q	Q	Q	J	105	Q	12	Q	12	Q	12	Q	12	J	1	182
232	340	339320	998	232	K	J	K	K	K	340	232	15	232	K	J	K	K	K	340	K	13	J	1	K	13	K	13	K	13	171
754	670	669330	999	754	A	J	A	J	A	670	754	15	754	A	J	A	J	A	670	A	14	J	1	A	14	J	1	A	14	92
295	652	652000	1000	295	A	J	A	A	A	652	295	15	295	A	J	A	A	A	652	A	14	J	1	A	14	A	14	A	14	89
